2026-05-23 05:32:02.937 INFO  [EAE4C3F7][GET][/api/fincas/10] com.agroruta.shared.logging.RequestLoggingFilter - → GET /api/fincas/10
2026-05-23 05:32:03.095 INFO  [EAE4C3F7][GET][/api/fincas/10] com.agroruta.shared.logging.RequestLoggingFilter - ← GET /api/fincas/10 | status=200 | 158ms
2026-05-23 05:32:03.147 INFO  [94DD3ED2][GET][/api/lotes/finca/10] com.agroruta.shared.logging.RequestLoggingFilter - → GET /api/lotes/finca/10
2026-05-23 05:32:03.268 INFO  [94DD3ED2][GET][/api/lotes/finca/10] com.agroruta.shared.logging.RequestLoggingFilter - ← GET /api/lotes/finca/10 | status=200 | 121ms
2026-05-23 05:32:19.609 WARN  [][][] com.zaxxer.hikari.pool.HikariPool - HikariPool-1 - Thread starvation or clock leap detected (housekeeper delta=9h56m45s738ms600µs200ns).
2026-05-23 05:37:31.656 INFO  [8715487D][GET][/api/v1/weather/city] com.agroruta.shared.logging.RequestLoggingFilter - → GET /api/v1/weather/city
2026-05-23 05:37:31.656 INFO  [7AB12FC6][GET][/api/fincas/agricultor/1] com.agroruta.shared.logging.RequestLoggingFilter - → GET /api/fincas/agricultor/1
2026-05-23 05:37:31.678 INFO  [7AB12FC6][GET][/api/fincas/agricultor/1] com.agroruta.shared.logging.RequestLoggingFilter - ← GET /api/fincas/agricultor/1 | status=200 | 22ms
2026-05-23 05:37:31.733 INFO  [B9E5B223][GET][/api/lotes/finca/10] com.agroruta.shared.logging.RequestLoggingFilter - → GET /api/lotes/finca/10
2026-05-23 05:37:31.736 INFO  [4E39CFF1][GET][/api/lotes/finca/11] com.agroruta.shared.logging.RequestLoggingFilter - → GET /api/lotes/finca/11
2026-05-23 05:37:31.771 INFO  [B9E5B223][GET][/api/lotes/finca/10] com.agroruta.shared.logging.RequestLoggingFilter - ← GET /api/lotes/finca/10 | status=200 | 38ms
2026-05-23 05:37:31.771 INFO  [4E39CFF1][GET][/api/lotes/finca/11] com.agroruta.shared.logging.RequestLoggingFilter - ← GET /api/lotes/finca/11 | status=200 | 35ms
2026-05-23 05:37:32.234 INFO  [8715487D][GET][/api/v1/weather/city] com.agroruta.shared.logging.RequestLoggingFilter - ← GET /api/v1/weather/city | status=200 | 578ms
2026-05-23 05:37:58.943 INFO  [E8463762][GET][/api/fincas/agricultor/1] com.agroruta.shared.logging.RequestLoggingFilter - → GET /api/fincas/agricultor/1
2026-05-23 05:37:58.962 INFO  [E8463762][GET][/api/fincas/agricultor/1] com.agroruta.shared.logging.RequestLoggingFilter - ← GET /api/fincas/agricultor/1 | status=200 | 19ms
2026-05-23 05:38:56.778 INFO  [B5B43FE9][GET][/api/fincas/agricultor/1] com.agroruta.shared.logging.RequestLoggingFilter - → GET /api/fincas/agricultor/1
2026-05-23 05:38:56.794 INFO  [B5B43FE9][GET][/api/fincas/agricultor/1] com.agroruta.shared.logging.RequestLoggingFilter - ← GET /api/fincas/agricultor/1 | status=200 | 16ms
2026-05-23 05:38:59.165 INFO  [93D5A37F][GET][/api/fincas/10] com.agroruta.shared.logging.RequestLoggingFilter - → GET /api/fincas/10
2026-05-23 05:38:59.200 INFO  [93D5A37F][GET][/api/fincas/10] com.agroruta.shared.logging.RequestLoggingFilter - ← GET /api/fincas/10 | status=200 | 35ms
2026-05-23 05:38:59.230 INFO  [34582E04][GET][/api/lotes/finca/10] com.agroruta.shared.logging.RequestLoggingFilter - → GET /api/lotes/finca/10
2026-05-23 05:38:59.268 INFO  [34582E04][GET][/api/lotes/finca/10] com.agroruta.shared.logging.RequestLoggingFilter - ← GET /api/lotes/finca/10 | status=200 | 38ms
2026-05-23 05:39:26.886 INFO  [37288181][GET][/api/fincas/10] com.agroruta.shared.logging.RequestLoggingFilter - → GET /api/fincas/10
2026-05-23 05:39:26.909 INFO  [37288181][GET][/api/fincas/10] com.agroruta.shared.logging.RequestLoggingFilter - ← GET /api/fincas/10 | status=200 | 23ms
2026-05-23 05:39:54.658 INFO  [2DE23F07][GET][/api/fincas/10] com.agroruta.shared.logging.RequestLoggingFilter - → GET /api/fincas/10
2026-05-23 05:39:54.684 INFO  [2DE23F07][GET][/api/fincas/10] com.agroruta.shared.logging.RequestLoggingFilter - ← GET /api/fincas/10 | status=200 | 26ms
2026-05-23 05:39:54.709 INFO  [CB79F1AC][GET][/api/lotes/finca/10] com.agroruta.shared.logging.RequestLoggingFilter - → GET /api/lotes/finca/10
2026-05-23 05:39:54.740 INFO  [CB79F1AC][GET][/api/lotes/finca/10] com.agroruta.shared.logging.RequestLoggingFilter - ← GET /api/lotes/finca/10 | status=200 | 31ms
2026-05-23 05:40:19.888 INFO  [0CF68775][GET][/api/lotes/4] com.agroruta.shared.logging.RequestLoggingFilter - → GET /api/lotes/4
2026-05-23 05:40:19.919 INFO  [0CF68775][GET][/api/lotes/4] com.agroruta.shared.logging.RequestLoggingFilter - ← GET /api/lotes/4 | status=200 | 31ms
2026-05-23 05:40:19.949 INFO  [1074E4A6][GET][/api/siembras/lote/4] com.agroruta.shared.logging.RequestLoggingFilter - → GET /api/siembras/lote/4
2026-05-23 05:40:19.963 INFO  [1074E4A6][GET][/api/siembras/lote/4] com.agroruta.shared.logging.RequestLoggingFilter - ← GET /api/siembras/lote/4 | status=200 | 14ms
2026-05-23 05:40:22.065 INFO  [28B7A540][GET][/api/siembras/1] com.agroruta.shared.logging.RequestLoggingFilter - → GET /api/siembras/1
2026-05-23 05:40:22.103 INFO  [28B7A540][GET][/api/siembras/1] com.agroruta.shared.logging.RequestLoggingFilter - ← GET /api/siembras/1 | status=200 | 38ms
2026-05-23 05:40:22.348 INFO  [A111DBBD][GET][/api/actividades/siembra/1] com.agroruta.shared.logging.RequestLoggingFilter - → GET /api/actividades/siembra/1
2026-05-23 05:40:22.382 INFO  [77D296C3][GET][/api/lotes/4] com.agroruta.shared.logging.RequestLoggingFilter - → GET /api/lotes/4
2026-05-23 05:40:22.386 INFO  [76FF6A82][GET][/api/cosechas/siembra/1/total-kg] com.agroruta.shared.logging.RequestLoggingFilter - → GET /api/cosechas/siembra/1/total-kg
2026-05-23 05:40:22.456 INFO  [54EAA021][GET][/api/cosechas/siembra/1] com.agroruta.shared.logging.RequestLoggingFilter - → GET /api/cosechas/siembra/1
2026-05-23 05:40:22.501 INFO  [48C3F117][GET][/api/fumigaciones/siembra/1] com.agroruta.shared.logging.RequestLoggingFilter - → GET /api/fumigaciones/siembra/1
2026-05-23 05:40:22.517 INFO  [77D296C3][GET][/api/lotes/4] com.agroruta.shared.logging.RequestLoggingFilter - ← GET /api/lotes/4 | status=200 | 135ms
2026-05-23 05:40:22.521 INFO  [76FF6A82][GET][/api/cosechas/siembra/1/total-kg] com.agroruta.shared.logging.RequestLoggingFilter - ← GET /api/cosechas/siembra/1/total-kg | status=200 | 135ms
2026-05-23 05:40:22.521 INFO  [A111DBBD][GET][/api/actividades/siembra/1] com.agroruta.shared.logging.RequestLoggingFilter - ← GET /api/actividades/siembra/1 | status=200 | 174ms
2026-05-23 05:40:22.547 INFO  [54EAA021][GET][/api/cosechas/siembra/1] com.agroruta.shared.logging.RequestLoggingFilter - ← GET /api/cosechas/siembra/1 | status=200 | 91ms
2026-05-23 05:40:22.552 INFO  [48C3F117][GET][/api/fumigaciones/siembra/1] com.agroruta.shared.logging.RequestLoggingFilter - ← GET /api/fumigaciones/siembra/1 | status=200 | 51ms
2026-05-23 05:40:22.574 INFO  [3F14C679][GET][/api/v1/weather/coordinates] com.agroruta.shared.logging.RequestLoggingFilter - → GET /api/v1/weather/coordinates
2026-05-23 05:40:23.244 INFO  [3F14C679][GET][/api/v1/weather/coordinates] com.agroruta.shared.logging.RequestLoggingFilter - ← GET /api/v1/weather/coordinates | status=200 | 670ms
2026-05-23 05:41:00.411 INFO  [3CF98FF7][GET][/api/siembras/1] com.agroruta.shared.logging.RequestLoggingFilter - → GET /api/siembras/1
2026-05-23 05:41:00.448 INFO  [3CF98FF7][GET][/api/siembras/1] com.agroruta.shared.logging.RequestLoggingFilter - ← GET /api/siembras/1 | status=200 | 37ms
2026-05-23 05:41:00.482 INFO  [E8FB2E7D][GET][/api/cosechas/siembra/1/total-kg] com.agroruta.shared.logging.RequestLoggingFilter - → GET /api/cosechas/siembra/1/total-kg
2026-05-23 05:41:00.489 INFO  [4A010A4D][GET][/api/actividades/siembra/1] com.agroruta.shared.logging.RequestLoggingFilter - → GET /api/actividades/siembra/1
2026-05-23 05:41:00.489 INFO  [D64C6C65][GET][/api/cosechas/siembra/1] com.agroruta.shared.logging.RequestLoggingFilter - → GET /api/cosechas/siembra/1
2026-05-23 05:41:00.488 INFO  [75A94FA2][GET][/api/lotes/4] com.agroruta.shared.logging.RequestLoggingFilter - → GET /api/lotes/4
2026-05-23 05:41:00.492 INFO  [52A69701][GET][/api/fumigaciones/siembra/1] com.agroruta.shared.logging.RequestLoggingFilter - → GET /api/fumigaciones/siembra/1
2026-05-23 05:41:00.552 INFO  [75A94FA2][GET][/api/lotes/4] com.agroruta.shared.logging.RequestLoggingFilter - ← GET /api/lotes/4 | status=200 | 64ms
2026-05-23 05:41:00.564 INFO  [52A69701][GET][/api/fumigaciones/siembra/1] com.agroruta.shared.logging.RequestLoggingFilter - ← GET /api/fumigaciones/siembra/1 | status=200 | 72ms
2026-05-23 05:41:00.564 INFO  [D64C6C65][GET][/api/cosechas/siembra/1] com.agroruta.shared.logging.RequestLoggingFilter - ← GET /api/cosechas/siembra/1 | status=200 | 75ms
2026-05-23 05:41:00.566 INFO  [E8FB2E7D][GET][/api/cosechas/siembra/1/total-kg] com.agroruta.shared.logging.RequestLoggingFilter - ← GET /api/cosechas/siembra/1/total-kg | status=200 | 84ms
2026-05-23 05:41:00.570 INFO  [4A010A4D][GET][/api/actividades/siembra/1] com.agroruta.shared.logging.RequestLoggingFilter - ← GET /api/actividades/siembra/1 | status=200 | 81ms
2026-05-23 05:41:00.600 INFO  [7DAC0758][GET][/api/v1/weather/coordinates] com.agroruta.shared.logging.RequestLoggingFilter - → GET /api/v1/weather/coordinates
2026-05-23 05:41:01.133 INFO  [7DAC0758][GET][/api/v1/weather/coordinates] com.agroruta.shared.logging.RequestLoggingFilter - ← GET /api/v1/weather/coordinates | status=200 | 533ms
2026-05-23 05:41:28.397 INFO  [CBD1B17A][GET][/api/siembras/1] com.agroruta.shared.logging.RequestLoggingFilter - → GET /api/siembras/1
2026-05-23 05:41:28.435 INFO  [CBD1B17A][GET][/api/siembras/1] com.agroruta.shared.logging.RequestLoggingFilter - ← GET /api/siembras/1 | status=200 | 38ms
2026-05-23 05:41:28.474 INFO  [4B11F65D][GET][/api/cosechas/siembra/1] com.agroruta.shared.logging.RequestLoggingFilter - → GET /api/cosechas/siembra/1
2026-05-23 05:41:28.482 INFO  [BFE24F04][GET][/api/lotes/4] com.agroruta.shared.logging.RequestLoggingFilter - → GET /api/lotes/4
2026-05-23 05:41:28.482 INFO  [5175C45D][GET][/api/cosechas/siembra/1/total-kg] com.agroruta.shared.logging.RequestLoggingFilter - → GET /api/cosechas/siembra/1/total-kg
2026-05-23 05:41:28.483 INFO  [54C3D625][GET][/api/fumigaciones/siembra/1] com.agroruta.shared.logging.RequestLoggingFilter - → GET /api/fumigaciones/siembra/1
2026-05-23 05:41:28.483 INFO  [E2F958E8][GET][/api/actividades/siembra/1] com.agroruta.shared.logging.RequestLoggingFilter - → GET /api/actividades/siembra/1
2026-05-23 05:41:28.520 INFO  [BFE24F04][GET][/api/lotes/4] com.agroruta.shared.logging.RequestLoggingFilter - ← GET /api/lotes/4 | status=200 | 38ms
2026-05-23 05:41:28.526 INFO  [5175C45D][GET][/api/cosechas/siembra/1/total-kg] com.agroruta.shared.logging.RequestLoggingFilter - ← GET /api/cosechas/siembra/1/total-kg | status=200 | 44ms
2026-05-23 05:41:28.528 INFO  [4B11F65D][GET][/api/cosechas/siembra/1] com.agroruta.shared.logging.RequestLoggingFilter - ← GET /api/cosechas/siembra/1 | status=200 | 54ms
2026-05-23 05:41:28.530 INFO  [E2F958E8][GET][/api/actividades/siembra/1] com.agroruta.shared.logging.RequestLoggingFilter - ← GET /api/actividades/siembra/1 | status=200 | 47ms
2026-05-23 05:41:28.535 INFO  [54C3D625][GET][/api/fumigaciones/siembra/1] com.agroruta.shared.logging.RequestLoggingFilter - ← GET /api/fumigaciones/siembra/1 | status=200 | 52ms
2026-05-23 05:41:28.557 INFO  [61EFABCF][GET][/api/v1/weather/coordinates] com.agroruta.shared.logging.RequestLoggingFilter - → GET /api/v1/weather/coordinates
2026-05-23 05:41:29.189 INFO  [61EFABCF][GET][/api/v1/weather/coordinates] com.agroruta.shared.logging.RequestLoggingFilter - ← GET /api/v1/weather/coordinates | status=200 | 632ms
2026-05-23 05:41:56.495 INFO  [48D2C424][GET][/api/cargos] com.agroruta.shared.logging.RequestLoggingFilter - → GET /api/cargos
2026-05-23 05:41:56.497 INFO  [EE4EF956][GET][/api/trabajadores/todos] com.agroruta.shared.logging.RequestLoggingFilter - → GET /api/trabajadores/todos
2026-05-23 05:41:56.496 INFO  [8E93A785][GET][/api/pagos] com.agroruta.shared.logging.RequestLoggingFilter - → GET /api/pagos
2026-05-23 05:41:56.508 INFO  [34707626][GET][/api/nominas] com.agroruta.shared.logging.RequestLoggingFilter - → GET /api/nominas
2026-05-23 05:41:56.524 INFO  [48D2C424][GET][/api/cargos] com.agroruta.shared.logging.RequestLoggingFilter - ← GET /api/cargos | status=200 | 29ms
2026-05-23 05:41:56.597 INFO  [EE4EF956][GET][/api/trabajadores/todos] com.agroruta.shared.logging.RequestLoggingFilter - ← GET /api/trabajadores/todos | status=200 | 99ms
2026-05-23 05:41:56.634 INFO  [8E93A785][GET][/api/pagos] com.agroruta.shared.logging.RequestLoggingFilter - ← GET /api/pagos | status=200 | 138ms
2026-05-23 05:41:56.642 INFO  [34707626][GET][/api/nominas] com.agroruta.shared.logging.RequestLoggingFilter - ← GET /api/nominas | status=200 | 134ms
2026-05-23 05:42:28.112 INFO  [11D9FCB9][GET][/api/worker/actividades] com.agroruta.shared.logging.RequestLoggingFilter - → GET /api/worker/actividades
2026-05-23 05:42:28.145 INFO  [11D9FCB9][GET][/api/worker/actividades] com.agroruta.shared.logging.RequestLoggingFilter - ← GET /api/worker/actividades | status=200 | 33ms
2026-05-23 05:43:00.302 INFO  [C9AF780A][GET][/api/cargos] com.agroruta.shared.logging.RequestLoggingFilter - → GET /api/cargos
2026-05-23 05:43:00.306 INFO  [0A92E102][GET][/api/trabajadores/todos] com.agroruta.shared.logging.RequestLoggingFilter - → GET /api/trabajadores/todos
2026-05-23 05:43:00.308 INFO  [660EF1C1][GET][/api/pagos] com.agroruta.shared.logging.RequestLoggingFilter - → GET /api/pagos
2026-05-23 05:43:00.318 INFO  [E781D69B][GET][/api/nominas] com.agroruta.shared.logging.RequestLoggingFilter - → GET /api/nominas
2026-05-23 05:43:00.330 INFO  [C9AF780A][GET][/api/cargos] com.agroruta.shared.logging.RequestLoggingFilter - ← GET /api/cargos | status=200 | 28ms
2026-05-23 05:43:00.380 INFO  [0A92E102][GET][/api/trabajadores/todos] com.agroruta.shared.logging.RequestLoggingFilter - ← GET /api/trabajadores/todos | status=200 | 74ms
2026-05-23 05:43:00.422 INFO  [E781D69B][GET][/api/nominas] com.agroruta.shared.logging.RequestLoggingFilter - ← GET /api/nominas | status=200 | 104ms
2026-05-23 05:43:00.426 INFO  [660EF1C1][GET][/api/pagos] com.agroruta.shared.logging.RequestLoggingFilter - ← GET /api/pagos | status=200 | 118ms
2026-05-23 05:43:04.016 INFO  [CA852371][GET][/api/jornales/trabajador/1] com.agroruta.shared.logging.RequestLoggingFilter - → GET /api/jornales/trabajador/1
2026-05-23 05:43:04.024 INFO  [93476C4A][GET][/api/trabajadores/1] com.agroruta.shared.logging.RequestLoggingFilter - → GET /api/trabajadores/1
2026-05-23 05:43:04.068 INFO  [93476C4A][GET][/api/trabajadores/1] com.agroruta.shared.logging.RequestLoggingFilter - ← GET /api/trabajadores/1 | status=200 | 44ms
2026-05-23 05:43:04.077 INFO  [CA852371][GET][/api/jornales/trabajador/1] com.agroruta.shared.logging.RequestLoggingFilter - ← GET /api/jornales/trabajador/1 | status=200 | 61ms
2026-05-23 05:43:24.359 INFO  [5050230C][GET][/api/trabajadores/todos] com.agroruta.shared.logging.RequestLoggingFilter - → GET /api/trabajadores/todos
2026-05-23 05:43:24.361 INFO  [203EF6B2][GET][/api/nominas] com.agroruta.shared.logging.RequestLoggingFilter - → GET /api/nominas
2026-05-23 05:43:24.364 INFO  [4206A06F][GET][/api/pagos] com.agroruta.shared.logging.RequestLoggingFilter - → GET /api/pagos
2026-05-23 05:43:24.369 INFO  [56526FF3][GET][/api/cargos] com.agroruta.shared.logging.RequestLoggingFilter - → GET /api/cargos
2026-05-23 05:43:24.392 INFO  [56526FF3][GET][/api/cargos] com.agroruta.shared.logging.RequestLoggingFilter - ← GET /api/cargos | status=200 | 23ms
2026-05-23 05:43:24.419 INFO  [5050230C][GET][/api/trabajadores/todos] com.agroruta.shared.logging.RequestLoggingFilter - ← GET /api/trabajadores/todos | status=200 | 60ms
2026-05-23 05:43:24.454 INFO  [4206A06F][GET][/api/pagos] com.agroruta.shared.logging.RequestLoggingFilter - ← GET /api/pagos | status=200 | 90ms
2026-05-23 05:43:24.456 INFO  [203EF6B2][GET][/api/nominas] com.agroruta.shared.logging.RequestLoggingFilter - ← GET /api/nominas | status=200 | 98ms
2026-05-23 07:27:12.626 WARN  [][][] com.zaxxer.hikari.pool.HikariPool - HikariPool-1 - Thread starvation or clock leap detected (housekeeper delta=1h39m55s951ms860µs600ns).
2026-05-23 07:27:20.007 INFO  [E39D8A39][GET][/api/nominas] com.agroruta.shared.logging.RequestLoggingFilter - → GET /api/nominas
2026-05-23 07:27:20.008 INFO  [1C69B725][GET][/api/pagos] com.agroruta.shared.logging.RequestLoggingFilter - → GET /api/pagos
2026-05-23 07:27:20.008 INFO  [68803C9D][GET][/api/trabajadores/todos] com.agroruta.shared.logging.RequestLoggingFilter - → GET /api/trabajadores/todos
2026-05-23 07:27:20.009 INFO  [EB54235A][GET][/api/cargos] com.agroruta.shared.logging.RequestLoggingFilter - → GET /api/cargos
2026-05-23 07:27:20.041 INFO  [EB54235A][GET][/api/cargos] com.agroruta.shared.logging.RequestLoggingFilter - ← GET /api/cargos | status=200 | 32ms
2026-05-23 07:27:20.157 INFO  [68803C9D][GET][/api/trabajadores/todos] com.agroruta.shared.logging.RequestLoggingFilter - ← GET /api/trabajadores/todos | status=200 | 149ms
2026-05-23 07:27:20.229 INFO  [E39D8A39][GET][/api/nominas] com.agroruta.shared.logging.RequestLoggingFilter - ← GET /api/nominas | status=200 | 222ms
2026-05-23 07:27:20.304 INFO  [1C69B725][GET][/api/pagos] com.agroruta.shared.logging.RequestLoggingFilter - ← GET /api/pagos | status=200 | 296ms
2026-05-23 07:27:21.238 INFO  [1A7B369D][GET][/api/fincas/agricultor/1] com.agroruta.shared.logging.RequestLoggingFilter - → GET /api/fincas/agricultor/1
2026-05-23 07:27:21.238 INFO  [D79BCBCA][GET][/api/v1/weather/city] com.agroruta.shared.logging.RequestLoggingFilter - → GET /api/v1/weather/city
2026-05-23 07:27:21.247 ERROR [D79BCBCA][GET][/api/v1/weather/city] c.a.w.infrastructure.external.OpenWeatherAdapter - ✗ fetchWeatherByCity() lanzó ExternalApiException: Error al consultar OpenWeatherMap: I/O error on GET request for "https://api.openweathermap.org/data/2.5/weather": api.openweathermap.org
2026-05-23 07:27:21.261 INFO  [1A7B369D][GET][/api/fincas/agricultor/1] com.agroruta.shared.logging.RequestLoggingFilter - ← GET /api/fincas/agricultor/1 | status=200 | 23ms
2026-05-23 07:27:21.260 ERROR [D79BCBCA][GET][/api/v1/weather/city] com.agroruta.weather.application.WeatherService - ✗ getWeatherByCity() lanzó ExternalApiException: Error al consultar OpenWeatherMap: I/O error on GET request for "https://api.openweathermap.org/data/2.5/weather": api.openweathermap.org
2026-05-23 07:27:21.297 INFO  [1F55AC5B][GET][/api/lotes/finca/11] com.agroruta.shared.logging.RequestLoggingFilter - → GET /api/lotes/finca/11
2026-05-23 07:27:21.297 INFO  [4E45CA2B][GET][/api/lotes/finca/10] com.agroruta.shared.logging.RequestLoggingFilter - → GET /api/lotes/finca/10
2026-05-23 07:27:21.291 ERROR [D79BCBCA][GET][/api/v1/weather/city] c.agroruta.shared.exception.GlobalExceptionHandler - [D79BCBCA] Error en servicio externo en /api/v1/weather/city: Error al consultar OpenWeatherMap: I/O error on GET request for "https://api.openweathermap.org/data/2.5/weather": api.openweathermap.org
com.agroruta.shared.exception.ExternalApiException: Error al consultar OpenWeatherMap: I/O error on GET request for "https://api.openweathermap.org/data/2.5/weather": api.openweathermap.org
	at com.agroruta.weather.infrastructure.external.OpenWeatherAdapter.callApi(OpenWeatherAdapter.java:67)
	at com.agroruta.weather.infrastructure.external.OpenWeatherAdapter.fetchWeatherByCity(OpenWeatherAdapter.java:30)
	at java.base/jdk.internal.reflect.DirectMethodHandleAccessor.invoke(DirectMethodHandleAccessor.java:104)
	at java.base/java.lang.reflect.Method.invoke(Method.java:565)
	at org.springframework.aop.support.AopUtils.invokeJoinpointUsingReflection(AopUtils.java:359)
	at org.springframework.aop.framework.ReflectiveMethodInvocation.invokeJoinpoint(ReflectiveMethodInvocation.java:190)
	at org.springframework.aop.framework.ReflectiveMethodInvocation.proceed(ReflectiveMethodInvocation.java:158)
	at org.springframework.aop.aspectj.MethodInvocationProceedingJoinPoint.proceed(MethodInvocationProceedingJoinPoint.java:82)
	at com.agroruta.shared.logging.LoggingAspect.logMethodExecution(LoggingAspect.java:38)
	at java.base/jdk.internal.reflect.DirectMethodHandleAccessor.invoke(DirectMethodHandleAccessor.java:104)
	at java.base/java.lang.reflect.Method.invoke(Method.java:565)
	at org.springframework.aop.aspectj.AbstractAspectJAdvice.invokeAdviceMethodWithGivenArgs(AbstractAspectJAdvice.java:648)
	at org.springframework.aop.aspectj.AbstractAspectJAdvice.invokeAdviceMethod(AbstractAspectJAdvice.java:630)
	at org.springframework.aop.aspectj.AspectJAroundAdvice.invoke(AspectJAroundAdvice.java:70)
	at org.springframework.aop.framework.ReflectiveMethodInvocation.proceed(ReflectiveMethodInvocation.java:179)
	at org.springframework.aop.interceptor.ExposeInvocationInterceptor.invoke(ExposeInvocationInterceptor.java:96)
	at org.springframework.aop.framework.ReflectiveMethodInvocation.proceed(ReflectiveMethodInvocation.java:179)
	at org.springframework.aop.framework.CglibAopProxy$DynamicAdvisedInterceptor.intercept(CglibAopProxy.java:719)
	at com.agroruta.weather.infrastructure.external.OpenWeatherAdapter$$SpringCGLIB$$0.fetchWeatherByCity(<generated>)
	at com.agroruta.weather.application.WeatherService.getWeatherByCity(WeatherService.java:18)
	at java.base/jdk.internal.reflect.DirectMethodHandleAccessor.invoke(DirectMethodHandleAccessor.java:104)
	at java.base/java.lang.reflect.Method.invoke(Method.java:565)
	at org.springframework.aop.support.AopUtils.invokeJoinpointUsingReflection(AopUtils.java:359)
	at org.springframework.aop.framework.ReflectiveMethodInvocation.invokeJoinpoint(ReflectiveMethodInvocation.java:190)
	at org.springframework.aop.framework.ReflectiveMethodInvocation.proceed(ReflectiveMethodInvocation.java:158)
	at org.springframework.aop.aspectj.MethodInvocationProceedingJoinPoint.proceed(MethodInvocationProceedingJoinPoint.java:82)
	at com.agroruta.shared.logging.LoggingAspect.logMethodExecution(LoggingAspect.java:38)
	at java.base/jdk.internal.reflect.DirectMethodHandleAccessor.invoke(DirectMethodHandleAccessor.java:104)
	at java.base/java.lang.reflect.Method.invoke(Method.java:565)
	at org.springframework.aop.aspectj.AbstractAspectJAdvice.invokeAdviceMethodWithGivenArgs(AbstractAspectJAdvice.java:648)
	at org.springframework.aop.aspectj.AbstractAspectJAdvice.invokeAdviceMethod(AbstractAspectJAdvice.java:630)
	at org.springframework.aop.aspectj.AspectJAroundAdvice.invoke(AspectJAroundAdvice.java:70)
	at org.springframework.aop.framework.ReflectiveMethodInvocation.proceed(ReflectiveMethodInvocation.java:179)
	at org.springframework.aop.interceptor.ExposeInvocationInterceptor.invoke(ExposeInvocationInterceptor.java:96)
	at org.springframework.aop.framework.ReflectiveMethodInvocation.proceed(ReflectiveMethodInvocation.java:179)
	at org.springframework.aop.framework.CglibAopProxy$DynamicAdvisedInterceptor.intercept(CglibAopProxy.java:719)
	at com.agroruta.weather.application.WeatherService$$SpringCGLIB$$0.getWeatherByCity(<generated>)
	at com.agroruta.weather.infrastructure.web.WeatherController.getByCity(WeatherController.java:19)
	at java.base/jdk.internal.reflect.DirectMethodHandleAccessor.invoke(DirectMethodHandleAccessor.java:104)
	at java.base/java.lang.reflect.Method.invoke(Method.java:565)
	at org.springframework.web.method.support.InvocableHandlerMethod.doInvoke(InvocableHandlerMethod.java:252)
	at org.springframework.web.method.support.InvocableHandlerMethod.invokeForRequest(InvocableHandlerMethod.java:184)
	at org.springframework.web.servlet.mvc.method.annotation.ServletInvocableHandlerMethod.invokeAndHandle(ServletInvocableHandlerMethod.java:117)
	at org.springframework.web.servlet.mvc.method.annotation.RequestMappingHandlerAdapter.invokeHandlerMethod(RequestMappingHandlerAdapter.java:934)
	at org.springframework.web.servlet.mvc.method.annotation.RequestMappingHandlerAdapter.handleInternal(RequestMappingHandlerAdapter.java:853)
	at org.springframework.web.servlet.mvc.method.AbstractHandlerMethodAdapter.handle(AbstractHandlerMethodAdapter.java:86)
	at org.springframework.web.servlet.DispatcherServlet.doDispatch(DispatcherServlet.java:963)
	at org.springframework.web.servlet.DispatcherServlet.doService(DispatcherServlet.java:866)
	at org.springframework.web.servlet.FrameworkServlet.processRequest(FrameworkServlet.java:1000)
	at org.springframework.web.servlet.FrameworkServlet.doGet(FrameworkServlet.java:892)
	at jakarta.servlet.http.HttpServlet.service(HttpServlet.java:622)
	at org.springframework.web.servlet.FrameworkServlet.service(FrameworkServlet.java:874)
	at jakarta.servlet.http.HttpServlet.service(HttpServlet.java:710)
	at org.apache.catalina.core.ApplicationFilterChain.doFilter(ApplicationFilterChain.java:128)
	at org.apache.tomcat.websocket.server.WsFilter.doFilter(WsFilter.java:53)
	at org.apache.catalina.core.ApplicationFilterChain.doFilter(ApplicationFilterChain.java:107)
	at org.springframework.web.filter.CorsFilter.doFilterInternal(CorsFilter.java:91)
	at org.springframework.web.filter.OncePerRequestFilter.doFilter(OncePerRequestFilter.java:116)
	at org.apache.catalina.core.ApplicationFilterChain.doFilter(ApplicationFilterChain.java:107)
	at org.springframework.web.filter.OncePerRequestFilter.doFilter(OncePerRequestFilter.java:110)
	at org.apache.catalina.core.ApplicationFilterChain.doFilter(ApplicationFilterChain.java:107)
	at com.agroruta.shared.logging.RequestLoggingFilter.doFilter(RequestLoggingFilter.java:48)
	at org.apache.catalina.core.ApplicationFilterChain.doFilter(ApplicationFilterChain.java:107)
	at org.springframework.web.filter.CompositeFilter$VirtualFilterChain.doFilter(CompositeFilter.java:108)
	at org.springframework.security.web.FilterChainProxy.lambda$doFilterInternal$3(FilterChainProxy.java:235)
	at org.springframework.security.web.FilterChainProxy$VirtualFilterChain.doFilter(FilterChainProxy.java:371)
	at org.springframework.security.web.access.intercept.AuthorizationFilter.doFilter(AuthorizationFilter.java:101)
	at org.springframework.security.web.FilterChainProxy$VirtualFilterChain.doFilter(FilterChainProxy.java:380)
	at org.springframework.security.web.access.ExceptionTranslationFilter.doFilter(ExceptionTranslationFilter.java:126)
	at org.springframework.security.web.access.ExceptionTranslationFilter.doFilter(ExceptionTranslationFilter.java:120)
	at org.springframework.security.web.FilterChainProxy$VirtualFilterChain.doFilter(FilterChainProxy.java:380)
	at org.springframework.security.web.session.SessionManagementFilter.doFilter(SessionManagementFilter.java:132)
	at org.springframework.security.web.session.SessionManagementFilter.doFilter(SessionManagementFilter.java:86)
	at org.springframework.security.web.FilterChainProxy$VirtualFilterChain.doFilter(FilterChainProxy.java:380)
	at org.springframework.security.web.authentication.AnonymousAuthenticationFilter.doFilter(AnonymousAuthenticationFilter.java:100)
	at org.springframework.security.web.FilterChainProxy$VirtualFilterChain.doFilter(FilterChainProxy.java:380)
	at org.springframework.security.web.servletapi.SecurityContextHolderAwareRequestFilter.doFilter(SecurityContextHolderAwareRequestFilter.java:181)
	at org.springframework.security.web.FilterChainProxy$VirtualFilterChain.doFilter(FilterChainProxy.java:380)
	at org.springframework.security.web.savedrequest.RequestCacheAwareFilter.doFilter(RequestCacheAwareFilter.java:63)
	at org.springframework.security.web.FilterChainProxy$VirtualFilterChain.doFilter(FilterChainProxy.java:380)
	at com.agroruta.shared.security.JwtAuthenticationFilter.doFilterInternal(JwtAuthenticationFilter.java:81)
	at org.springframework.web.filter.OncePerRequestFilter.doFilter(OncePerRequestFilter.java:116)
	at org.springframework.security.web.FilterChainProxy$VirtualFilterChain.doFilter(FilterChainProxy.java:380)
	at org.springframework.security.web.authentication.logout.LogoutFilter.doFilter(LogoutFilter.java:110)
	at org.springframework.security.web.authentication.logout.LogoutFilter.doFilter(LogoutFilter.java:96)
	at org.springframework.security.web.FilterChainProxy$VirtualFilterChain.doFilter(FilterChainProxy.java:380)
	at org.springframework.web.filter.CorsFilter.doFilterInternal(CorsFilter.java:91)
	at org.springframework.web.filter.OncePerRequestFilter.doFilter(OncePerRequestFilter.java:116)
	at org.springframework.security.web.FilterChainProxy$VirtualFilterChain.doFilter(FilterChainProxy.java:380)
	at org.springframework.security.web.header.HeaderWriterFilter.doHeadersAfter(HeaderWriterFilter.java:90)
	at org.springframework.security.web.header.HeaderWriterFilter.doFilterInternal(HeaderWriterFilter.java:75)
	at org.springframework.web.filter.OncePerRequestFilter.doFilter(OncePerRequestFilter.java:116)
	at org.springframework.security.web.FilterChainProxy$VirtualFilterChain.doFilter(FilterChainProxy.java:380)
	at org.springframework.security.web.context.SecurityContextHolderFilter.doFilter(SecurityContextHolderFilter.java:82)
	at org.springframework.security.web.context.SecurityContextHolderFilter.doFilter(SecurityContextHolderFilter.java:69)
	at org.springframework.security.web.FilterChainProxy$VirtualFilterChain.doFilter(FilterChainProxy.java:380)
	at org.springframework.security.web.context.request.async.WebAsyncManagerIntegrationFilter.doFilterInternal(WebAsyncManagerIntegrationFilter.java:62)
	at org.springframework.web.filter.OncePerRequestFilter.doFilter(OncePerRequestFilter.java:116)
	at org.springframework.security.web.FilterChainProxy$VirtualFilterChain.doFilter(FilterChainProxy.java:380)
	at org.springframework.security.web.session.DisableEncodeUrlFilter.doFilterInternal(DisableEncodeUrlFilter.java:42)
	at org.springframework.web.filter.OncePerRequestFilter.doFilter(OncePerRequestFilter.java:116)
	at org.springframework.security.web.FilterChainProxy$VirtualFilterChain.doFilter(FilterChainProxy.java:380)
	at org.springframework.security.web.FilterChainProxy.doFilterInternal(FilterChainProxy.java:237)
	at org.springframework.security.web.FilterChainProxy.doFilter(FilterChainProxy.java:195)
	at org.springframework.web.filter.CompositeFilter$VirtualFilterChain.doFilter(CompositeFilter.java:113)
	at org.springframework.web.filter.ServletRequestPathFilter.doFilter(ServletRequestPathFilter.java:52)
	at org.springframework.web.filter.CompositeFilter$VirtualFilterChain.doFilter(CompositeFilter.java:113)
	at org.springframework.web.filter.CompositeFilter.doFilter(CompositeFilter.java:74)
	at org.springframework.security.config.annotation.web.configuration.WebSecurityConfiguration$CompositeFilterChainProxy.doFilter(WebSecurityConfiguration.java:317)
	at org.springframework.web.filter.DelegatingFilterProxy.invokeDelegate(DelegatingFilterProxy.java:355)
	at org.springframework.web.filter.DelegatingFilterProxy.doFilter(DelegatingFilterProxy.java:272)
	at org.apache.catalina.core.ApplicationFilterChain.doFilter(ApplicationFilterChain.java:107)
	at org.springframework.web.filter.RequestContextFilter.doFilterInternal(RequestContextFilter.java:100)
	at org.springframework.web.filter.OncePerRequestFilter.doFilter(OncePerRequestFilter.java:116)
	at org.apache.catalina.core.ApplicationFilterChain.doFilter(ApplicationFilterChain.java:107)
	at org.springframework.web.filter.FormContentFilter.doFilterInternal(FormContentFilter.java:93)
	at org.springframework.web.filter.OncePerRequestFilter.doFilter(OncePerRequestFilter.java:116)
	at org.apache.catalina.core.ApplicationFilterChain.doFilter(ApplicationFilterChain.java:107)
	at org.springframework.web.filter.CharacterEncodingFilter.doFilterInternal(CharacterEncodingFilter.java:199)
	at org.springframework.web.filter.OncePerRequestFilter.doFilter(OncePerRequestFilter.java:116)
	at org.apache.catalina.core.ApplicationFilterChain.doFilter(ApplicationFilterChain.java:107)
	at org.apache.catalina.core.StandardWrapperValve.invoke(StandardWrapperValve.java:165)
	at org.apache.catalina.core.StandardContextValve.invoke(StandardContextValve.java:77)
	at org.apache.catalina.authenticator.AuthenticatorBase.invoke(AuthenticatorBase.java:492)
	at org.apache.catalina.core.StandardHostValve.invoke(StandardHostValve.java:113)
	at org.apache.catalina.valves.ErrorReportValve.invoke(ErrorReportValve.java:83)
	at org.apache.catalina.core.StandardEngineValve.invoke(StandardEngineValve.java:72)
	at org.apache.catalina.connector.CoyoteAdapter.service(CoyoteAdapter.java:341)
	at org.apache.coyote.http11.Http11Processor.service(Http11Processor.java:397)
	at org.apache.coyote.AbstractProcessorLight.process(AbstractProcessorLight.java:63)
	at org.apache.coyote.AbstractProtocol$ConnectionHandler.process(AbstractProtocol.java:903)
	at org.apache.tomcat.util.net.NioEndpoint$SocketProcessor.doRun(NioEndpoint.java:1779)
	at org.apache.tomcat.util.net.SocketProcessorBase.run(SocketProcessorBase.java:52)
	at org.apache.tomcat.util.threads.ThreadPoolExecutor.runWorker(ThreadPoolExecutor.java:946)
	at org.apache.tomcat.util.threads.ThreadPoolExecutor$Worker.run(ThreadPoolExecutor.java:480)
	at org.apache.tomcat.util.threads.TaskThread$WrappingRunnable.run(TaskThread.java:57)
	at java.base/java.lang.Thread.run(Thread.java:1447)
2026-05-23 07:27:21.352 WARN  [D79BCBCA][GET][/api/v1/weather/city] o.s.w.s.m.m.a.ExceptionHandlerExceptionResolver - Resolved [com.agroruta.shared.exception.ExternalApiException: Error al consultar OpenWeatherMap: I/O error on GET request for "https://api.openweathermap.org/data/2.5/weather": api.openweathermap.org]
2026-05-23 07:27:21.355 INFO  [D79BCBCA][GET][/api/v1/weather/city] com.agroruta.shared.logging.RequestLoggingFilter - ← GET /api/v1/weather/city | status=502 | 117ms
2026-05-23 07:27:21.396 INFO  [1F55AC5B][GET][/api/lotes/finca/11] com.agroruta.shared.logging.RequestLoggingFilter - ← GET /api/lotes/finca/11 | status=200 | 99ms
2026-05-23 07:27:21.400 INFO  [4E45CA2B][GET][/api/lotes/finca/10] com.agroruta.shared.logging.RequestLoggingFilter - ← GET /api/lotes/finca/10 | status=200 | 103ms
2026-05-23 07:27:23.346 INFO  [66B356C6][GET][/api/fincas/agricultor/1] com.agroruta.shared.logging.RequestLoggingFilter - → GET /api/fincas/agricultor/1
2026-05-23 07:27:23.348 INFO  [9BF7BFF7][GET][/api/v1/weather/city] com.agroruta.shared.logging.RequestLoggingFilter - → GET /api/v1/weather/city
2026-05-23 07:27:23.353 ERROR [9BF7BFF7][GET][/api/v1/weather/city] c.a.w.infrastructure.external.OpenWeatherAdapter - ✗ fetchWeatherByCity() lanzó ExternalApiException: Error al consultar OpenWeatherMap: I/O error on GET request for "https://api.openweathermap.org/data/2.5/weather": api.openweathermap.org
2026-05-23 07:27:23.354 ERROR [9BF7BFF7][GET][/api/v1/weather/city] com.agroruta.weather.application.WeatherService - ✗ getWeatherByCity() lanzó ExternalApiException: Error al consultar OpenWeatherMap: I/O error on GET request for "https://api.openweathermap.org/data/2.5/weather": api.openweathermap.org
2026-05-23 07:27:23.355 ERROR [9BF7BFF7][GET][/api/v1/weather/city] c.agroruta.shared.exception.GlobalExceptionHandler - [9BF7BFF7] Error en servicio externo en /api/v1/weather/city: Error al consultar OpenWeatherMap: I/O error on GET request for "https://api.openweathermap.org/data/2.5/weather": api.openweathermap.org
com.agroruta.shared.exception.ExternalApiException: Error al consultar OpenWeatherMap: I/O error on GET request for "https://api.openweathermap.org/data/2.5/weather": api.openweathermap.org
	at com.agroruta.weather.infrastructure.external.OpenWeatherAdapter.callApi(OpenWeatherAdapter.java:67)
	at com.agroruta.weather.infrastructure.external.OpenWeatherAdapter.fetchWeatherByCity(OpenWeatherAdapter.java:30)
	at java.base/jdk.internal.reflect.DirectMethodHandleAccessor.invoke(DirectMethodHandleAccessor.java:104)
	at java.base/java.lang.reflect.Method.invoke(Method.java:565)
	at org.springframework.aop.support.AopUtils.invokeJoinpointUsingReflection(AopUtils.java:359)
	at org.springframework.aop.framework.ReflectiveMethodInvocation.invokeJoinpoint(ReflectiveMethodInvocation.java:190)
	at org.springframework.aop.framework.ReflectiveMethodInvocation.proceed(ReflectiveMethodInvocation.java:158)
	at org.springframework.aop.aspectj.MethodInvocationProceedingJoinPoint.proceed(MethodInvocationProceedingJoinPoint.java:82)
	at com.agroruta.shared.logging.LoggingAspect.logMethodExecution(LoggingAspect.java:38)
	at java.base/jdk.internal.reflect.DirectMethodHandleAccessor.invoke(DirectMethodHandleAccessor.java:104)
	at java.base/java.lang.reflect.Method.invoke(Method.java:565)
	at org.springframework.aop.aspectj.AbstractAspectJAdvice.invokeAdviceMethodWithGivenArgs(AbstractAspectJAdvice.java:648)
	at org.springframework.aop.aspectj.AbstractAspectJAdvice.invokeAdviceMethod(AbstractAspectJAdvice.java:630)
	at org.springframework.aop.aspectj.AspectJAroundAdvice.invoke(AspectJAroundAdvice.java:70)
	at org.springframework.aop.framework.ReflectiveMethodInvocation.proceed(ReflectiveMethodInvocation.java:179)
	at org.springframework.aop.interceptor.ExposeInvocationInterceptor.invoke(ExposeInvocationInterceptor.java:96)
	at org.springframework.aop.framework.ReflectiveMethodInvocation.proceed(ReflectiveMethodInvocation.java:179)
	at org.springframework.aop.framework.CglibAopProxy$DynamicAdvisedInterceptor.intercept(CglibAopProxy.java:719)
	at com.agroruta.weather.infrastructure.external.OpenWeatherAdapter$$SpringCGLIB$$0.fetchWeatherByCity(<generated>)
	at com.agroruta.weather.application.WeatherService.getWeatherByCity(WeatherService.java:18)
	at java.base/jdk.internal.reflect.DirectMethodHandleAccessor.invoke(DirectMethodHandleAccessor.java:104)
	at java.base/java.lang.reflect.Method.invoke(Method.java:565)
	at org.springframework.aop.support.AopUtils.invokeJoinpointUsingReflection(AopUtils.java:359)
	at org.springframework.aop.framework.ReflectiveMethodInvocation.invokeJoinpoint(ReflectiveMethodInvocation.java:190)
	at org.springframework.aop.framework.ReflectiveMethodInvocation.proceed(ReflectiveMethodInvocation.java:158)
	at org.springframework.aop.aspectj.MethodInvocationProceedingJoinPoint.proceed(MethodInvocationProceedingJoinPoint.java:82)
	at com.agroruta.shared.logging.LoggingAspect.logMethodExecution(LoggingAspect.java:38)
	at java.base/jdk.internal.reflect.DirectMethodHandleAccessor.invoke(DirectMethodHandleAccessor.java:104)
	at java.base/java.lang.reflect.Method.invoke(Method.java:565)
	at org.springframework.aop.aspectj.AbstractAspectJAdvice.invokeAdviceMethodWithGivenArgs(AbstractAspectJAdvice.java:648)
	at org.springframework.aop.aspectj.AbstractAspectJAdvice.invokeAdviceMethod(AbstractAspectJAdvice.java:630)
	at org.springframework.aop.aspectj.AspectJAroundAdvice.invoke(AspectJAroundAdvice.java:70)
	at org.springframework.aop.framework.ReflectiveMethodInvocation.proceed(ReflectiveMethodInvocation.java:179)
	at org.springframework.aop.interceptor.ExposeInvocationInterceptor.invoke(ExposeInvocationInterceptor.java:96)
	at org.springframework.aop.framework.ReflectiveMethodInvocation.proceed(ReflectiveMethodInvocation.java:179)
	at org.springframework.aop.framework.CglibAopProxy$DynamicAdvisedInterceptor.intercept(CglibAopProxy.java:719)
	at com.agroruta.weather.application.WeatherService$$SpringCGLIB$$0.getWeatherByCity(<generated>)
	at com.agroruta.weather.infrastructure.web.WeatherController.getByCity(WeatherController.java:19)
	at java.base/jdk.internal.reflect.DirectMethodHandleAccessor.invoke(DirectMethodHandleAccessor.java:104)
	at java.base/java.lang.reflect.Method.invoke(Method.java:565)
	at org.springframework.web.method.support.InvocableHandlerMethod.doInvoke(InvocableHandlerMethod.java:252)
	at org.springframework.web.method.support.InvocableHandlerMethod.invokeForRequest(InvocableHandlerMethod.java:184)
	at org.springframework.web.servlet.mvc.method.annotation.ServletInvocableHandlerMethod.invokeAndHandle(ServletInvocableHandlerMethod.java:117)
	at org.springframework.web.servlet.mvc.method.annotation.RequestMappingHandlerAdapter.invokeHandlerMethod(RequestMappingHandlerAdapter.java:934)
	at org.springframework.web.servlet.mvc.method.annotation.RequestMappingHandlerAdapter.handleInternal(RequestMappingHandlerAdapter.java:853)
	at org.springframework.web.servlet.mvc.method.AbstractHandlerMethodAdapter.handle(AbstractHandlerMethodAdapter.java:86)
	at org.springframework.web.servlet.DispatcherServlet.doDispatch(DispatcherServlet.java:963)
	at org.springframework.web.servlet.DispatcherServlet.doService(DispatcherServlet.java:866)
	at org.springframework.web.servlet.FrameworkServlet.processRequest(FrameworkServlet.java:1000)
	at org.springframework.web.servlet.FrameworkServlet.doGet(FrameworkServlet.java:892)
	at jakarta.servlet.http.HttpServlet.service(HttpServlet.java:622)
	at org.springframework.web.servlet.FrameworkServlet.service(FrameworkServlet.java:874)
	at jakarta.servlet.http.HttpServlet.service(HttpServlet.java:710)
	at org.apache.catalina.core.ApplicationFilterChain.doFilter(ApplicationFilterChain.java:128)
	at org.apache.tomcat.websocket.server.WsFilter.doFilter(WsFilter.java:53)
	at org.apache.catalina.core.ApplicationFilterChain.doFilter(ApplicationFilterChain.java:107)
	at org.springframework.web.filter.CorsFilter.doFilterInternal(CorsFilter.java:91)
	at org.springframework.web.filter.OncePerRequestFilter.doFilter(OncePerRequestFilter.java:116)
	at org.apache.catalina.core.ApplicationFilterChain.doFilter(ApplicationFilterChain.java:107)
	at org.springframework.web.filter.OncePerRequestFilter.doFilter(OncePerRequestFilter.java:110)
	at org.apache.catalina.core.ApplicationFilterChain.doFilter(ApplicationFilterChain.java:107)
	at com.agroruta.shared.logging.RequestLoggingFilter.doFilter(RequestLoggingFilter.java:48)
	at org.apache.catalina.core.ApplicationFilterChain.doFilter(ApplicationFilterChain.java:107)
	at org.springframework.web.filter.CompositeFilter$VirtualFilterChain.doFilter(CompositeFilter.java:108)
	at org.springframework.security.web.FilterChainProxy.lambda$doFilterInternal$3(FilterChainProxy.java:235)
	at org.springframework.security.web.FilterChainProxy$VirtualFilterChain.doFilter(FilterChainProxy.java:371)
	at org.springframework.security.web.access.intercept.AuthorizationFilter.doFilter(AuthorizationFilter.java:101)
	at org.springframework.security.web.FilterChainProxy$VirtualFilterChain.doFilter(FilterChainProxy.java:380)
	at org.springframework.security.web.access.ExceptionTranslationFilter.doFilter(ExceptionTranslationFilter.java:126)
	at org.springframework.security.web.access.ExceptionTranslationFilter.doFilter(ExceptionTranslationFilter.java:120)
	at org.springframework.security.web.FilterChainProxy$VirtualFilterChain.doFilter(FilterChainProxy.java:380)
	at org.springframework.security.web.session.SessionManagementFilter.doFilter(SessionManagementFilter.java:132)
	at org.springframework.security.web.session.SessionManagementFilter.doFilter(SessionManagementFilter.java:86)
	at org.springframework.security.web.FilterChainProxy$VirtualFilterChain.doFilter(FilterChainProxy.java:380)
	at org.springframework.security.web.authentication.AnonymousAuthenticationFilter.doFilter(AnonymousAuthenticationFilter.java:100)
	at org.springframework.security.web.FilterChainProxy$VirtualFilterChain.doFilter(FilterChainProxy.java:380)
	at org.springframework.security.web.servletapi.SecurityContextHolderAwareRequestFilter.doFilter(SecurityContextHolderAwareRequestFilter.java:181)
	at org.springframework.security.web.FilterChainProxy$VirtualFilterChain.doFilter(FilterChainProxy.java:380)
	at org.springframework.security.web.savedrequest.RequestCacheAwareFilter.doFilter(RequestCacheAwareFilter.java:63)
	at org.springframework.security.web.FilterChainProxy$VirtualFilterChain.doFilter(FilterChainProxy.java:380)
	at com.agroruta.shared.security.JwtAuthenticationFilter.doFilterInternal(JwtAuthenticationFilter.java:81)
	at org.springframework.web.filter.OncePerRequestFilter.doFilter(OncePerRequestFilter.java:116)
	at org.springframework.security.web.FilterChainProxy$VirtualFilterChain.doFilter(FilterChainProxy.java:380)
	at org.springframework.security.web.authentication.logout.LogoutFilter.doFilter(LogoutFilter.java:110)
	at org.springframework.security.web.authentication.logout.LogoutFilter.doFilter(LogoutFilter.java:96)
	at org.springframework.security.web.FilterChainProxy$VirtualFilterChain.doFilter(FilterChainProxy.java:380)
	at org.springframework.web.filter.CorsFilter.doFilterInternal(CorsFilter.java:91)
	at org.springframework.web.filter.OncePerRequestFilter.doFilter(OncePerRequestFilter.java:116)
	at org.springframework.security.web.FilterChainProxy$VirtualFilterChain.doFilter(FilterChainProxy.java:380)
	at org.springframework.security.web.header.HeaderWriterFilter.doHeadersAfter(HeaderWriterFilter.java:90)
	at org.springframework.security.web.header.HeaderWriterFilter.doFilterInternal(HeaderWriterFilter.java:75)
	at org.springframework.web.filter.OncePerRequestFilter.doFilter(OncePerRequestFilter.java:116)
	at org.springframework.security.web.FilterChainProxy$VirtualFilterChain.doFilter(FilterChainProxy.java:380)
	at org.springframework.security.web.context.SecurityContextHolderFilter.doFilter(SecurityContextHolderFilter.java:82)
	at org.springframework.security.web.context.SecurityContextHolderFilter.doFilter(SecurityContextHolderFilter.java:69)
	at org.springframework.security.web.FilterChainProxy$VirtualFilterChain.doFilter(FilterChainProxy.java:380)
	at org.springframework.security.web.context.request.async.WebAsyncManagerIntegrationFilter.doFilterInternal(WebAsyncManagerIntegrationFilter.java:62)
	at org.springframework.web.filter.OncePerRequestFilter.doFilter(OncePerRequestFilter.java:116)
	at org.springframework.security.web.FilterChainProxy$VirtualFilterChain.doFilter(FilterChainProxy.java:380)
	at org.springframework.security.web.session.DisableEncodeUrlFilter.doFilterInternal(DisableEncodeUrlFilter.java:42)
	at org.springframework.web.filter.OncePerRequestFilter.doFilter(OncePerRequestFilter.java:116)
	at org.springframework.security.web.FilterChainProxy$VirtualFilterChain.doFilter(FilterChainProxy.java:380)
	at org.springframework.security.web.FilterChainProxy.doFilterInternal(FilterChainProxy.java:237)
	at org.springframework.security.web.FilterChainProxy.doFilter(FilterChainProxy.java:195)
	at org.springframework.web.filter.CompositeFilter$VirtualFilterChain.doFilter(CompositeFilter.java:113)
	at org.springframework.web.filter.ServletRequestPathFilter.doFilter(ServletRequestPathFilter.java:52)
	at org.springframework.web.filter.CompositeFilter$VirtualFilterChain.doFilter(CompositeFilter.java:113)
	at org.springframework.web.filter.CompositeFilter.doFilter(CompositeFilter.java:74)
	at org.springframework.security.config.annotation.web.configuration.WebSecurityConfiguration$CompositeFilterChainProxy.doFilter(WebSecurityConfiguration.java:317)
	at org.springframework.web.filter.DelegatingFilterProxy.invokeDelegate(DelegatingFilterProxy.java:355)
	at org.springframework.web.filter.DelegatingFilterProxy.doFilter(DelegatingFilterProxy.java:272)
	at org.apache.catalina.core.ApplicationFilterChain.doFilter(ApplicationFilterChain.java:107)
	at org.springframework.web.filter.RequestContextFilter.doFilterInternal(RequestContextFilter.java:100)
	at org.springframework.web.filter.OncePerRequestFilter.doFilter(OncePerRequestFilter.java:116)
	at org.apache.catalina.core.ApplicationFilterChain.doFilter(ApplicationFilterChain.java:107)
	at org.springframework.web.filter.FormContentFilter.doFilterInternal(FormContentFilter.java:93)
	at org.springframework.web.filter.OncePerRequestFilter.doFilter(OncePerRequestFilter.java:116)
	at org.apache.catalina.core.ApplicationFilterChain.doFilter(ApplicationFilterChain.java:107)
	at org.springframework.web.filter.CharacterEncodingFilter.doFilterInternal(CharacterEncodingFilter.java:199)
	at org.springframework.web.filter.OncePerRequestFilter.doFilter(OncePerRequestFilter.java:116)
	at org.apache.catalina.core.ApplicationFilterChain.doFilter(ApplicationFilterChain.java:107)
	at org.apache.catalina.core.StandardWrapperValve.invoke(StandardWrapperValve.java:165)
	at org.apache.catalina.core.StandardContextValve.invoke(StandardContextValve.java:77)
	at org.apache.catalina.authenticator.AuthenticatorBase.invoke(AuthenticatorBase.java:492)
	at org.apache.catalina.core.StandardHostValve.invoke(StandardHostValve.java:113)
	at org.apache.catalina.valves.ErrorReportValve.invoke(ErrorReportValve.java:83)
	at org.apache.catalina.core.StandardEngineValve.invoke(StandardEngineValve.java:72)
	at org.apache.catalina.connector.CoyoteAdapter.service(CoyoteAdapter.java:341)
	at org.apache.coyote.http11.Http11Processor.service(Http11Processor.java:397)
	at org.apache.coyote.AbstractProcessorLight.process(AbstractProcessorLight.java:63)
	at org.apache.coyote.AbstractProtocol$ConnectionHandler.process(AbstractProtocol.java:903)
	at org.apache.tomcat.util.net.NioEndpoint$SocketProcessor.doRun(NioEndpoint.java:1779)
	at org.apache.tomcat.util.net.SocketProcessorBase.run(SocketProcessorBase.java:52)
	at org.apache.tomcat.util.threads.ThreadPoolExecutor.runWorker(ThreadPoolExecutor.java:946)
	at org.apache.tomcat.util.threads.ThreadPoolExecutor$Worker.run(ThreadPoolExecutor.java:480)
	at org.apache.tomcat.util.threads.TaskThread$WrappingRunnable.run(TaskThread.java:57)
	at java.base/java.lang.Thread.run(Thread.java:1447)
2026-05-23 07:27:23.360 WARN  [9BF7BFF7][GET][/api/v1/weather/city] o.s.w.s.m.m.a.ExceptionHandlerExceptionResolver - Resolved [com.agroruta.shared.exception.ExternalApiException: Error al consultar OpenWeatherMap: I/O error on GET request for "https://api.openweathermap.org/data/2.5/weather": api.openweathermap.org]
2026-05-23 07:27:23.360 INFO  [9BF7BFF7][GET][/api/v1/weather/city] com.agroruta.shared.logging.RequestLoggingFilter - ← GET /api/v1/weather/city | status=502 | 12ms
2026-05-23 07:27:23.361 INFO  [66B356C6][GET][/api/fincas/agricultor/1] com.agroruta.shared.logging.RequestLoggingFilter - ← GET /api/fincas/agricultor/1 | status=200 | 15ms
2026-05-23 07:27:23.375 INFO  [0F8D84AD][GET][/api/lotes/finca/11] com.agroruta.shared.logging.RequestLoggingFilter - → GET /api/lotes/finca/11
2026-05-23 07:27:23.377 INFO  [1D0F2048][GET][/api/lotes/finca/10] com.agroruta.shared.logging.RequestLoggingFilter - → GET /api/lotes/finca/10
2026-05-23 07:27:23.407 INFO  [0F8D84AD][GET][/api/lotes/finca/11] com.agroruta.shared.logging.RequestLoggingFilter - ← GET /api/lotes/finca/11 | status=200 | 32ms
2026-05-23 07:27:23.408 INFO  [1D0F2048][GET][/api/lotes/finca/10] com.agroruta.shared.logging.RequestLoggingFilter - ← GET /api/lotes/finca/10 | status=200 | 31ms
2026-05-23 07:33:10.495 INFO  [26C751D9][GET][/api/fincas/agricultor/1] com.agroruta.shared.logging.RequestLoggingFilter - → GET /api/fincas/agricultor/1
2026-05-23 07:33:10.510 INFO  [26C751D9][GET][/api/fincas/agricultor/1] com.agroruta.shared.logging.RequestLoggingFilter - ← GET /api/fincas/agricultor/1 | status=200 | 15ms
2026-05-23 07:33:17.112 INFO  [4F526923][GET][/api/fincas/10] com.agroruta.shared.logging.RequestLoggingFilter - → GET /api/fincas/10
2026-05-23 07:33:17.141 INFO  [4F526923][GET][/api/fincas/10] com.agroruta.shared.logging.RequestLoggingFilter - ← GET /api/fincas/10 | status=200 | 29ms
2026-05-23 07:33:17.168 INFO  [8515D78A][GET][/api/lotes/finca/10] com.agroruta.shared.logging.RequestLoggingFilter - → GET /api/lotes/finca/10
2026-05-23 07:33:17.200 INFO  [8515D78A][GET][/api/lotes/finca/10] com.agroruta.shared.logging.RequestLoggingFilter - ← GET /api/lotes/finca/10 | status=200 | 33ms
2026-05-23 07:33:20.563 INFO  [20AD102F][GET][/api/lotes/4] com.agroruta.shared.logging.RequestLoggingFilter - → GET /api/lotes/4
2026-05-23 07:33:20.601 INFO  [20AD102F][GET][/api/lotes/4] com.agroruta.shared.logging.RequestLoggingFilter - ← GET /api/lotes/4 | status=200 | 38ms
2026-05-23 07:33:20.630 INFO  [24BC4C5D][GET][/api/siembras/lote/4] com.agroruta.shared.logging.RequestLoggingFilter - → GET /api/siembras/lote/4
2026-05-23 07:33:20.646 INFO  [24BC4C5D][GET][/api/siembras/lote/4] com.agroruta.shared.logging.RequestLoggingFilter - ← GET /api/siembras/lote/4 | status=200 | 16ms
2026-05-23 07:33:28.924 INFO  [D55EE356][GET][/api/siembras/1] com.agroruta.shared.logging.RequestLoggingFilter - → GET /api/siembras/1
2026-05-23 07:33:28.957 INFO  [D55EE356][GET][/api/siembras/1] com.agroruta.shared.logging.RequestLoggingFilter - ← GET /api/siembras/1 | status=200 | 33ms
2026-05-23 07:33:29.007 INFO  [43172650][GET][/api/actividades/siembra/1] com.agroruta.shared.logging.RequestLoggingFilter - → GET /api/actividades/siembra/1
2026-05-23 07:33:29.010 INFO  [BB0CBBEE][GET][/api/cosechas/siembra/1/total-kg] com.agroruta.shared.logging.RequestLoggingFilter - → GET /api/cosechas/siembra/1/total-kg
2026-05-23 07:33:29.012 INFO  [7941664A][GET][/api/cosechas/siembra/1] com.agroruta.shared.logging.RequestLoggingFilter - → GET /api/cosechas/siembra/1
2026-05-23 07:33:29.013 INFO  [183A952B][GET][/api/fumigaciones/siembra/1] com.agroruta.shared.logging.RequestLoggingFilter - → GET /api/fumigaciones/siembra/1
2026-05-23 07:33:29.027 INFO  [46BC97E3][GET][/api/lotes/4] com.agroruta.shared.logging.RequestLoggingFilter - → GET /api/lotes/4
2026-05-23 07:33:29.060 INFO  [7941664A][GET][/api/cosechas/siembra/1] com.agroruta.shared.logging.RequestLoggingFilter - ← GET /api/cosechas/siembra/1 | status=200 | 48ms
2026-05-23 07:33:29.062 INFO  [183A952B][GET][/api/fumigaciones/siembra/1] com.agroruta.shared.logging.RequestLoggingFilter - ← GET /api/fumigaciones/siembra/1 | status=200 | 49ms
2026-05-23 07:33:29.064 INFO  [BB0CBBEE][GET][/api/cosechas/siembra/1/total-kg] com.agroruta.shared.logging.RequestLoggingFilter - ← GET /api/cosechas/siembra/1/total-kg | status=200 | 54ms
2026-05-23 07:33:29.069 INFO  [43172650][GET][/api/actividades/siembra/1] com.agroruta.shared.logging.RequestLoggingFilter - ← GET /api/actividades/siembra/1 | status=200 | 62ms
2026-05-23 07:33:29.077 INFO  [46BC97E3][GET][/api/lotes/4] com.agroruta.shared.logging.RequestLoggingFilter - ← GET /api/lotes/4 | status=200 | 50ms
2026-05-23 07:33:29.099 INFO  [30EE7C83][GET][/api/v1/weather/city] com.agroruta.shared.logging.RequestLoggingFilter - → GET /api/v1/weather/city
2026-05-23 07:33:29.959 INFO  [30EE7C83][GET][/api/v1/weather/city] com.agroruta.shared.logging.RequestLoggingFilter - ← GET /api/v1/weather/city | status=200 | 860ms
2026-05-23 07:33:42.550 INFO  [785CE63E][GET][/agricultural-inputs] com.agroruta.shared.logging.RequestLoggingFilter - → GET /agricultural-inputs
2026-05-23 07:33:42.614 INFO  [785CE63E][GET][/agricultural-inputs] com.agroruta.shared.logging.RequestLoggingFilter - ← GET /agricultural-inputs | status=200 | 64ms
2026-05-23 07:34:01.602 INFO  [AE9B6940][GET][/api/siembras/1] com.agroruta.shared.logging.RequestLoggingFilter - → GET /api/siembras/1
2026-05-23 07:34:01.633 INFO  [AE9B6940][GET][/api/siembras/1] com.agroruta.shared.logging.RequestLoggingFilter - ← GET /api/siembras/1 | status=200 | 31ms
2026-05-23 07:34:01.676 INFO  [A4A3287F][GET][/api/cosechas/siembra/1/total-kg] com.agroruta.shared.logging.RequestLoggingFilter - → GET /api/cosechas/siembra/1/total-kg
2026-05-23 07:34:01.683 INFO  [E3E257E9][GET][/api/actividades/siembra/1] com.agroruta.shared.logging.RequestLoggingFilter - → GET /api/actividades/siembra/1
2026-05-23 07:34:01.683 INFO  [2E54CDAB][GET][/api/cosechas/siembra/1] com.agroruta.shared.logging.RequestLoggingFilter - → GET /api/cosechas/siembra/1
2026-05-23 07:34:01.685 INFO  [C75E6D72][GET][/api/fumigaciones/siembra/1] com.agroruta.shared.logging.RequestLoggingFilter - → GET /api/fumigaciones/siembra/1
2026-05-23 07:34:01.694 INFO  [47FA3C00][GET][/api/lotes/4] com.agroruta.shared.logging.RequestLoggingFilter - → GET /api/lotes/4
2026-05-23 07:34:01.748 INFO  [A4A3287F][GET][/api/cosechas/siembra/1/total-kg] com.agroruta.shared.logging.RequestLoggingFilter - ← GET /api/cosechas/siembra/1/total-kg | status=200 | 72ms
2026-05-23 07:34:01.751 INFO  [E3E257E9][GET][/api/actividades/siembra/1] com.agroruta.shared.logging.RequestLoggingFilter - ← GET /api/actividades/siembra/1 | status=200 | 68ms
2026-05-23 07:34:01.756 INFO  [2E54CDAB][GET][/api/cosechas/siembra/1] com.agroruta.shared.logging.RequestLoggingFilter - ← GET /api/cosechas/siembra/1 | status=200 | 73ms
2026-05-23 07:34:01.767 INFO  [47FA3C00][GET][/api/lotes/4] com.agroruta.shared.logging.RequestLoggingFilter - ← GET /api/lotes/4 | status=200 | 73ms
2026-05-23 07:34:01.769 INFO  [C75E6D72][GET][/api/fumigaciones/siembra/1] com.agroruta.shared.logging.RequestLoggingFilter - ← GET /api/fumigaciones/siembra/1 | status=200 | 82ms
2026-05-23 07:34:01.790 INFO  [B9FE3020][GET][/api/v1/weather/coordinates] com.agroruta.shared.logging.RequestLoggingFilter - → GET /api/v1/weather/coordinates
2026-05-23 07:34:02.399 INFO  [B9FE3020][GET][/api/v1/weather/coordinates] com.agroruta.shared.logging.RequestLoggingFilter - ← GET /api/v1/weather/coordinates | status=200 | 609ms
2026-05-23 07:34:04.046 INFO  [E0FE4006][GET][/api/trabajadores/todos] com.agroruta.shared.logging.RequestLoggingFilter - → GET /api/trabajadores/todos
2026-05-23 07:34:04.049 INFO  [8ABA4BAB][GET][/api/nominas] com.agroruta.shared.logging.RequestLoggingFilter - → GET /api/nominas
2026-05-23 07:34:04.047 INFO  [10137974][GET][/api/cargos] com.agroruta.shared.logging.RequestLoggingFilter - → GET /api/cargos
2026-05-23 07:34:04.055 INFO  [D9C752AE][GET][/api/pagos] com.agroruta.shared.logging.RequestLoggingFilter - → GET /api/pagos
2026-05-23 07:34:04.078 INFO  [10137974][GET][/api/cargos] com.agroruta.shared.logging.RequestLoggingFilter - ← GET /api/cargos | status=200 | 31ms
2026-05-23 07:34:04.117 INFO  [E0FE4006][GET][/api/trabajadores/todos] com.agroruta.shared.logging.RequestLoggingFilter - ← GET /api/trabajadores/todos | status=200 | 71ms
2026-05-23 07:34:04.159 INFO  [8ABA4BAB][GET][/api/nominas] com.agroruta.shared.logging.RequestLoggingFilter - ← GET /api/nominas | status=200 | 111ms
2026-05-23 07:34:04.162 INFO  [D9C752AE][GET][/api/pagos] com.agroruta.shared.logging.RequestLoggingFilter - ← GET /api/pagos | status=200 | 107ms
2026-05-23 07:34:15.936 INFO  [E25CD577][GET][/api/reports/payroll/preview] com.agroruta.shared.logging.RequestLoggingFilter - → GET /api/reports/payroll/preview
2026-05-23 07:34:16.039 INFO  [E25CD577][GET][/api/reports/payroll/preview] com.agroruta.shared.logging.RequestLoggingFilter - ← GET /api/reports/payroll/preview | status=200 | 103ms
2026-05-23 07:34:33.093 INFO  [A76214A2][GET][/api/reports/crops/preview] com.agroruta.shared.logging.RequestLoggingFilter - → GET /api/reports/crops/preview
2026-05-23 07:34:33.233 INFO  [A76214A2][GET][/api/reports/crops/preview] com.agroruta.shared.logging.RequestLoggingFilter - ← GET /api/reports/crops/preview | status=200 | 140ms
2026-05-23 07:34:39.875 INFO  [46979138][GET][/api/reports/payroll/preview] com.agroruta.shared.logging.RequestLoggingFilter - → GET /api/reports/payroll/preview
2026-05-23 07:34:39.900 INFO  [46979138][GET][/api/reports/payroll/preview] com.agroruta.shared.logging.RequestLoggingFilter - ← GET /api/reports/payroll/preview | status=200 | 25ms
2026-05-23 07:34:41.336 INFO  [F823D4AD][GET][/api/reports/payroll] com.agroruta.shared.logging.RequestLoggingFilter - → GET /api/reports/payroll
2026-05-23 07:34:41.694 INFO  [F823D4AD][GET][/api/reports/payroll] com.agroruta.shared.logging.RequestLoggingFilter - ← GET /api/reports/payroll | status=200 | 358ms
2026-05-23 07:34:47.027 INFO  [A9FEE387][GET][/api/configuration/perfil] com.agroruta.shared.logging.RequestLoggingFilter - → GET /api/configuration/perfil
2026-05-23 07:34:47.066 INFO  [A9FEE387][GET][/api/configuration/perfil] com.agroruta.shared.logging.RequestLoggingFilter - ← GET /api/configuration/perfil | status=200 | 39ms
2026-05-23 07:34:55.872 INFO  [FCABACD1][GET][/api/v1/weather/city] com.agroruta.shared.logging.RequestLoggingFilter - → GET /api/v1/weather/city
2026-05-23 07:34:55.872 INFO  [CAC410D0][GET][/api/fincas/agricultor/1] com.agroruta.shared.logging.RequestLoggingFilter - → GET /api/fincas/agricultor/1
2026-05-23 07:34:55.889 INFO  [CAC410D0][GET][/api/fincas/agricultor/1] com.agroruta.shared.logging.RequestLoggingFilter - ← GET /api/fincas/agricultor/1 | status=200 | 17ms
2026-05-23 07:34:55.935 INFO  [AA97CD24][GET][/api/lotes/finca/10] com.agroruta.shared.logging.RequestLoggingFilter - → GET /api/lotes/finca/10
2026-05-23 07:34:55.938 INFO  [052AA525][GET][/api/lotes/finca/11] com.agroruta.shared.logging.RequestLoggingFilter - → GET /api/lotes/finca/11
2026-05-23 07:34:55.968 INFO  [AA97CD24][GET][/api/lotes/finca/10] com.agroruta.shared.logging.RequestLoggingFilter - ← GET /api/lotes/finca/10 | status=200 | 34ms
2026-05-23 07:34:55.970 INFO  [052AA525][GET][/api/lotes/finca/11] com.agroruta.shared.logging.RequestLoggingFilter - ← GET /api/lotes/finca/11 | status=200 | 32ms
2026-05-23 07:35:01.992 INFO  [FCABACD1][GET][/api/v1/weather/city] com.agroruta.shared.logging.RequestLoggingFilter - ← GET /api/v1/weather/city | status=200 | 6120ms
2026-05-23 12:42:32.572 WARN  [][][] com.zaxxer.hikari.pool.HikariPool - HikariPool-1 - Thread starvation or clock leap detected (housekeeper delta=5h5m47s241ms575µs).
2026-05-23 12:42:37.856 INFO  [97A27A3F][GET][/api/fincas/agricultor/1] com.agroruta.shared.logging.RequestLoggingFilter - → GET /api/fincas/agricultor/1
2026-05-23 12:42:37.856 INFO  [DA3700DE][GET][/api/v1/weather/city] com.agroruta.shared.logging.RequestLoggingFilter - → GET /api/v1/weather/city
2026-05-23 12:42:37.860 ERROR [DA3700DE][GET][/api/v1/weather/city] c.a.w.infrastructure.external.OpenWeatherAdapter - ✗ fetchWeatherByCity() lanzó ExternalApiException: Error al consultar OpenWeatherMap: I/O error on GET request for "https://api.openweathermap.org/data/2.5/weather": api.openweathermap.org
2026-05-23 12:42:37.861 ERROR [DA3700DE][GET][/api/v1/weather/city] com.agroruta.weather.application.WeatherService - ✗ getWeatherByCity() lanzó ExternalApiException: Error al consultar OpenWeatherMap: I/O error on GET request for "https://api.openweathermap.org/data/2.5/weather": api.openweathermap.org
2026-05-23 12:42:37.866 INFO  [97A27A3F][GET][/api/fincas/agricultor/1] com.agroruta.shared.logging.RequestLoggingFilter - ← GET /api/fincas/agricultor/1 | status=200 | 10ms
2026-05-23 12:42:37.862 ERROR [DA3700DE][GET][/api/v1/weather/city] c.agroruta.shared.exception.GlobalExceptionHandler - [DA3700DE] Error en servicio externo en /api/v1/weather/city: Error al consultar OpenWeatherMap: I/O error on GET request for "https://api.openweathermap.org/data/2.5/weather": api.openweathermap.org
com.agroruta.shared.exception.ExternalApiException: Error al consultar OpenWeatherMap: I/O error on GET request for "https://api.openweathermap.org/data/2.5/weather": api.openweathermap.org
	at com.agroruta.weather.infrastructure.external.OpenWeatherAdapter.callApi(OpenWeatherAdapter.java:67)
	at com.agroruta.weather.infrastructure.external.OpenWeatherAdapter.fetchWeatherByCity(OpenWeatherAdapter.java:30)
	at java.base/jdk.internal.reflect.DirectMethodHandleAccessor.invoke(DirectMethodHandleAccessor.java:104)
	at java.base/java.lang.reflect.Method.invoke(Method.java:565)
	at org.springframework.aop.support.AopUtils.invokeJoinpointUsingReflection(AopUtils.java:359)
	at org.springframework.aop.framework.ReflectiveMethodInvocation.invokeJoinpoint(ReflectiveMethodInvocation.java:190)
	at org.springframework.aop.framework.ReflectiveMethodInvocation.proceed(ReflectiveMethodInvocation.java:158)
	at org.springframework.aop.aspectj.MethodInvocationProceedingJoinPoint.proceed(MethodInvocationProceedingJoinPoint.java:82)
	at com.agroruta.shared.logging.LoggingAspect.logMethodExecution(LoggingAspect.java:38)
	at java.base/jdk.internal.reflect.DirectMethodHandleAccessor.invoke(DirectMethodHandleAccessor.java:104)
	at java.base/java.lang.reflect.Method.invoke(Method.java:565)
	at org.springframework.aop.aspectj.AbstractAspectJAdvice.invokeAdviceMethodWithGivenArgs(AbstractAspectJAdvice.java:648)
	at org.springframework.aop.aspectj.AbstractAspectJAdvice.invokeAdviceMethod(AbstractAspectJAdvice.java:630)
	at org.springframework.aop.aspectj.AspectJAroundAdvice.invoke(AspectJAroundAdvice.java:70)
	at org.springframework.aop.framework.ReflectiveMethodInvocation.proceed(ReflectiveMethodInvocation.java:179)
	at org.springframework.aop.interceptor.ExposeInvocationInterceptor.invoke(ExposeInvocationInterceptor.java:96)
	at org.springframework.aop.framework.ReflectiveMethodInvocation.proceed(ReflectiveMethodInvocation.java:179)
	at org.springframework.aop.framework.CglibAopProxy$DynamicAdvisedInterceptor.intercept(CglibAopProxy.java:719)
	at com.agroruta.weather.infrastructure.external.OpenWeatherAdapter$$SpringCGLIB$$0.fetchWeatherByCity(<generated>)
	at com.agroruta.weather.application.WeatherService.getWeatherByCity(WeatherService.java:18)
	at java.base/jdk.internal.reflect.DirectMethodHandleAccessor.invoke(DirectMethodHandleAccessor.java:104)
	at java.base/java.lang.reflect.Method.invoke(Method.java:565)
	at org.springframework.aop.support.AopUtils.invokeJoinpointUsingReflection(AopUtils.java:359)
	at org.springframework.aop.framework.ReflectiveMethodInvocation.invokeJoinpoint(ReflectiveMethodInvocation.java:190)
	at org.springframework.aop.framework.ReflectiveMethodInvocation.proceed(ReflectiveMethodInvocation.java:158)
	at org.springframework.aop.aspectj.MethodInvocationProceedingJoinPoint.proceed(MethodInvocationProceedingJoinPoint.java:82)
	at com.agroruta.shared.logging.LoggingAspect.logMethodExecution(LoggingAspect.java:38)
	at java.base/jdk.internal.reflect.DirectMethodHandleAccessor.invoke(DirectMethodHandleAccessor.java:104)
	at java.base/java.lang.reflect.Method.invoke(Method.java:565)
	at org.springframework.aop.aspectj.AbstractAspectJAdvice.invokeAdviceMethodWithGivenArgs(AbstractAspectJAdvice.java:648)
	at org.springframework.aop.aspectj.AbstractAspectJAdvice.invokeAdviceMethod(AbstractAspectJAdvice.java:630)
	at org.springframework.aop.aspectj.AspectJAroundAdvice.invoke(AspectJAroundAdvice.java:70)
	at org.springframework.aop.framework.ReflectiveMethodInvocation.proceed(ReflectiveMethodInvocation.java:179)
	at org.springframework.aop.interceptor.ExposeInvocationInterceptor.invoke(ExposeInvocationInterceptor.java:96)
	at org.springframework.aop.framework.ReflectiveMethodInvocation.proceed(ReflectiveMethodInvocation.java:179)
	at org.springframework.aop.framework.CglibAopProxy$DynamicAdvisedInterceptor.intercept(CglibAopProxy.java:719)
	at com.agroruta.weather.application.WeatherService$$SpringCGLIB$$0.getWeatherByCity(<generated>)
	at com.agroruta.weather.infrastructure.web.WeatherController.getByCity(WeatherController.java:19)
	at java.base/jdk.internal.reflect.DirectMethodHandleAccessor.invoke(DirectMethodHandleAccessor.java:104)
	at java.base/java.lang.reflect.Method.invoke(Method.java:565)
	at org.springframework.web.method.support.InvocableHandlerMethod.doInvoke(InvocableHandlerMethod.java:252)
	at org.springframework.web.method.support.InvocableHandlerMethod.invokeForRequest(InvocableHandlerMethod.java:184)
	at org.springframework.web.servlet.mvc.method.annotation.ServletInvocableHandlerMethod.invokeAndHandle(ServletInvocableHandlerMethod.java:117)
	at org.springframework.web.servlet.mvc.method.annotation.RequestMappingHandlerAdapter.invokeHandlerMethod(RequestMappingHandlerAdapter.java:934)
	at org.springframework.web.servlet.mvc.method.annotation.RequestMappingHandlerAdapter.handleInternal(RequestMappingHandlerAdapter.java:853)
	at org.springframework.web.servlet.mvc.method.AbstractHandlerMethodAdapter.handle(AbstractHandlerMethodAdapter.java:86)
	at org.springframework.web.servlet.DispatcherServlet.doDispatch(DispatcherServlet.java:963)
	at org.springframework.web.servlet.DispatcherServlet.doService(DispatcherServlet.java:866)
	at org.springframework.web.servlet.FrameworkServlet.processRequest(FrameworkServlet.java:1000)
	at org.springframework.web.servlet.FrameworkServlet.doGet(FrameworkServlet.java:892)
	at jakarta.servlet.http.HttpServlet.service(HttpServlet.java:622)
	at org.springframework.web.servlet.FrameworkServlet.service(FrameworkServlet.java:874)
	at jakarta.servlet.http.HttpServlet.service(HttpServlet.java:710)
	at org.apache.catalina.core.ApplicationFilterChain.doFilter(ApplicationFilterChain.java:128)
	at org.apache.tomcat.websocket.server.WsFilter.doFilter(WsFilter.java:53)
	at org.apache.catalina.core.ApplicationFilterChain.doFilter(ApplicationFilterChain.java:107)
	at org.springframework.web.filter.CorsFilter.doFilterInternal(CorsFilter.java:91)
	at org.springframework.web.filter.OncePerRequestFilter.doFilter(OncePerRequestFilter.java:116)
	at org.apache.catalina.core.ApplicationFilterChain.doFilter(ApplicationFilterChain.java:107)
	at org.springframework.web.filter.OncePerRequestFilter.doFilter(OncePerRequestFilter.java:110)
	at org.apache.catalina.core.ApplicationFilterChain.doFilter(ApplicationFilterChain.java:107)
	at com.agroruta.shared.logging.RequestLoggingFilter.doFilter(RequestLoggingFilter.java:48)
	at org.apache.catalina.core.ApplicationFilterChain.doFilter(ApplicationFilterChain.java:107)
	at org.springframework.web.filter.CompositeFilter$VirtualFilterChain.doFilter(CompositeFilter.java:108)
	at org.springframework.security.web.FilterChainProxy.lambda$doFilterInternal$3(FilterChainProxy.java:235)
	at org.springframework.security.web.FilterChainProxy$VirtualFilterChain.doFilter(FilterChainProxy.java:371)
	at org.springframework.security.web.access.intercept.AuthorizationFilter.doFilter(AuthorizationFilter.java:101)
	at org.springframework.security.web.FilterChainProxy$VirtualFilterChain.doFilter(FilterChainProxy.java:380)
	at org.springframework.security.web.access.ExceptionTranslationFilter.doFilter(ExceptionTranslationFilter.java:126)
	at org.springframework.security.web.access.ExceptionTranslationFilter.doFilter(ExceptionTranslationFilter.java:120)
	at org.springframework.security.web.FilterChainProxy$VirtualFilterChain.doFilter(FilterChainProxy.java:380)
	at org.springframework.security.web.session.SessionManagementFilter.doFilter(SessionManagementFilter.java:132)
	at org.springframework.security.web.session.SessionManagementFilter.doFilter(SessionManagementFilter.java:86)
	at org.springframework.security.web.FilterChainProxy$VirtualFilterChain.doFilter(FilterChainProxy.java:380)
	at org.springframework.security.web.authentication.AnonymousAuthenticationFilter.doFilter(AnonymousAuthenticationFilter.java:100)
	at org.springframework.security.web.FilterChainProxy$VirtualFilterChain.doFilter(FilterChainProxy.java:380)
	at org.springframework.security.web.servletapi.SecurityContextHolderAwareRequestFilter.doFilter(SecurityContextHolderAwareRequestFilter.java:181)
	at org.springframework.security.web.FilterChainProxy$VirtualFilterChain.doFilter(FilterChainProxy.java:380)
	at org.springframework.security.web.savedrequest.RequestCacheAwareFilter.doFilter(RequestCacheAwareFilter.java:63)
	at org.springframework.security.web.FilterChainProxy$VirtualFilterChain.doFilter(FilterChainProxy.java:380)
	at com.agroruta.shared.security.JwtAuthenticationFilter.doFilterInternal(JwtAuthenticationFilter.java:81)
	at org.springframework.web.filter.OncePerRequestFilter.doFilter(OncePerRequestFilter.java:116)
	at org.springframework.security.web.FilterChainProxy$VirtualFilterChain.doFilter(FilterChainProxy.java:380)
	at org.springframework.security.web.authentication.logout.LogoutFilter.doFilter(LogoutFilter.java:110)
	at org.springframework.security.web.authentication.logout.LogoutFilter.doFilter(LogoutFilter.java:96)
	at org.springframework.security.web.FilterChainProxy$VirtualFilterChain.doFilter(FilterChainProxy.java:380)
	at org.springframework.web.filter.CorsFilter.doFilterInternal(CorsFilter.java:91)
	at org.springframework.web.filter.OncePerRequestFilter.doFilter(OncePerRequestFilter.java:116)
	at org.springframework.security.web.FilterChainProxy$VirtualFilterChain.doFilter(FilterChainProxy.java:380)
	at org.springframework.security.web.header.HeaderWriterFilter.doHeadersAfter(HeaderWriterFilter.java:90)
	at org.springframework.security.web.header.HeaderWriterFilter.doFilterInternal(HeaderWriterFilter.java:75)
	at org.springframework.web.filter.OncePerRequestFilter.doFilter(OncePerRequestFilter.java:116)
	at org.springframework.security.web.FilterChainProxy$VirtualFilterChain.doFilter(FilterChainProxy.java:380)
	at org.springframework.security.web.context.SecurityContextHolderFilter.doFilter(SecurityContextHolderFilter.java:82)
	at org.springframework.security.web.context.SecurityContextHolderFilter.doFilter(SecurityContextHolderFilter.java:69)
	at org.springframework.security.web.FilterChainProxy$VirtualFilterChain.doFilter(FilterChainProxy.java:380)
	at org.springframework.security.web.context.request.async.WebAsyncManagerIntegrationFilter.doFilterInternal(WebAsyncManagerIntegrationFilter.java:62)
	at org.springframework.web.filter.OncePerRequestFilter.doFilter(OncePerRequestFilter.java:116)
	at org.springframework.security.web.FilterChainProxy$VirtualFilterChain.doFilter(FilterChainProxy.java:380)
	at org.springframework.security.web.session.DisableEncodeUrlFilter.doFilterInternal(DisableEncodeUrlFilter.java:42)
	at org.springframework.web.filter.OncePerRequestFilter.doFilter(OncePerRequestFilter.java:116)
	at org.springframework.security.web.FilterChainProxy$VirtualFilterChain.doFilter(FilterChainProxy.java:380)
	at org.springframework.security.web.FilterChainProxy.doFilterInternal(FilterChainProxy.java:237)
	at org.springframework.security.web.FilterChainProxy.doFilter(FilterChainProxy.java:195)
	at org.springframework.web.filter.CompositeFilter$VirtualFilterChain.doFilter(CompositeFilter.java:113)
	at org.springframework.web.filter.ServletRequestPathFilter.doFilter(ServletRequestPathFilter.java:52)
	at org.springframework.web.filter.CompositeFilter$VirtualFilterChain.doFilter(CompositeFilter.java:113)
	at org.springframework.web.filter.CompositeFilter.doFilter(CompositeFilter.java:74)
	at org.springframework.security.config.annotation.web.configuration.WebSecurityConfiguration$CompositeFilterChainProxy.doFilter(WebSecurityConfiguration.java:317)
	at org.springframework.web.filter.DelegatingFilterProxy.invokeDelegate(DelegatingFilterProxy.java:355)
	at org.springframework.web.filter.DelegatingFilterProxy.doFilter(DelegatingFilterProxy.java:272)
	at org.apache.catalina.core.ApplicationFilterChain.doFilter(ApplicationFilterChain.java:107)
	at org.springframework.web.filter.RequestContextFilter.doFilterInternal(RequestContextFilter.java:100)
	at org.springframework.web.filter.OncePerRequestFilter.doFilter(OncePerRequestFilter.java:116)
	at org.apache.catalina.core.ApplicationFilterChain.doFilter(ApplicationFilterChain.java:107)
	at org.springframework.web.filter.FormContentFilter.doFilterInternal(FormContentFilter.java:93)
	at org.springframework.web.filter.OncePerRequestFilter.doFilter(OncePerRequestFilter.java:116)
	at org.apache.catalina.core.ApplicationFilterChain.doFilter(ApplicationFilterChain.java:107)
	at org.springframework.web.filter.CharacterEncodingFilter.doFilterInternal(CharacterEncodingFilter.java:199)
	at org.springframework.web.filter.OncePerRequestFilter.doFilter(OncePerRequestFilter.java:116)
	at org.apache.catalina.core.ApplicationFilterChain.doFilter(ApplicationFilterChain.java:107)
	at org.apache.catalina.core.StandardWrapperValve.invoke(StandardWrapperValve.java:165)
	at org.apache.catalina.core.StandardContextValve.invoke(StandardContextValve.java:77)
	at org.apache.catalina.authenticator.AuthenticatorBase.invoke(AuthenticatorBase.java:492)
	at org.apache.catalina.core.StandardHostValve.invoke(StandardHostValve.java:113)
	at org.apache.catalina.valves.ErrorReportValve.invoke(ErrorReportValve.java:83)
	at org.apache.catalina.core.StandardEngineValve.invoke(StandardEngineValve.java:72)
	at org.apache.catalina.connector.CoyoteAdapter.service(CoyoteAdapter.java:341)
	at org.apache.coyote.http11.Http11Processor.service(Http11Processor.java:397)
	at org.apache.coyote.AbstractProcessorLight.process(AbstractProcessorLight.java:63)
	at org.apache.coyote.AbstractProtocol$ConnectionHandler.process(AbstractProtocol.java:903)
	at org.apache.tomcat.util.net.NioEndpoint$SocketProcessor.doRun(NioEndpoint.java:1779)
	at org.apache.tomcat.util.net.SocketProcessorBase.run(SocketProcessorBase.java:52)
	at org.apache.tomcat.util.threads.ThreadPoolExecutor.runWorker(ThreadPoolExecutor.java:946)
	at org.apache.tomcat.util.threads.ThreadPoolExecutor$Worker.run(ThreadPoolExecutor.java:480)
	at org.apache.tomcat.util.threads.TaskThread$WrappingRunnable.run(TaskThread.java:57)
	at java.base/java.lang.Thread.run(Thread.java:1447)
2026-05-23 12:42:37.872 WARN  [DA3700DE][GET][/api/v1/weather/city] o.s.w.s.m.m.a.ExceptionHandlerExceptionResolver - Resolved [com.agroruta.shared.exception.ExternalApiException: Error al consultar OpenWeatherMap: I/O error on GET request for "https://api.openweathermap.org/data/2.5/weather": api.openweathermap.org]
2026-05-23 12:42:37.872 INFO  [DA3700DE][GET][/api/v1/weather/city] com.agroruta.shared.logging.RequestLoggingFilter - ← GET /api/v1/weather/city | status=502 | 16ms
2026-05-23 12:42:37.881 INFO  [10C2D8D7][GET][/api/lotes/finca/10] com.agroruta.shared.logging.RequestLoggingFilter - → GET /api/lotes/finca/10
2026-05-23 12:42:37.883 INFO  [80316253][GET][/api/lotes/finca/11] com.agroruta.shared.logging.RequestLoggingFilter - → GET /api/lotes/finca/11
2026-05-23 12:42:37.899 INFO  [10C2D8D7][GET][/api/lotes/finca/10] com.agroruta.shared.logging.RequestLoggingFilter - ← GET /api/lotes/finca/10 | status=200 | 18ms
2026-05-23 12:42:37.899 INFO  [80316253][GET][/api/lotes/finca/11] com.agroruta.shared.logging.RequestLoggingFilter - ← GET /api/lotes/finca/11 | status=200 | 16ms
2026-05-23 12:42:47.908 INFO  [811236D7][GET][/api/fincas/agricultor/1] com.agroruta.shared.logging.RequestLoggingFilter - → GET /api/fincas/agricultor/1
2026-05-23 12:42:47.909 INFO  [A20EA2F4][GET][/api/v1/weather/city] com.agroruta.shared.logging.RequestLoggingFilter - → GET /api/v1/weather/city
2026-05-23 12:42:47.912 ERROR [A20EA2F4][GET][/api/v1/weather/city] c.a.w.infrastructure.external.OpenWeatherAdapter - ✗ fetchWeatherByCity() lanzó ExternalApiException: Error al consultar OpenWeatherMap: I/O error on GET request for "https://api.openweathermap.org/data/2.5/weather": api.openweathermap.org
2026-05-23 12:42:47.913 ERROR [A20EA2F4][GET][/api/v1/weather/city] com.agroruta.weather.application.WeatherService - ✗ getWeatherByCity() lanzó ExternalApiException: Error al consultar OpenWeatherMap: I/O error on GET request for "https://api.openweathermap.org/data/2.5/weather": api.openweathermap.org
2026-05-23 12:42:47.914 INFO  [811236D7][GET][/api/fincas/agricultor/1] com.agroruta.shared.logging.RequestLoggingFilter - ← GET /api/fincas/agricultor/1 | status=200 | 6ms
2026-05-23 12:42:47.914 ERROR [A20EA2F4][GET][/api/v1/weather/city] c.agroruta.shared.exception.GlobalExceptionHandler - [A20EA2F4] Error en servicio externo en /api/v1/weather/city: Error al consultar OpenWeatherMap: I/O error on GET request for "https://api.openweathermap.org/data/2.5/weather": api.openweathermap.org
com.agroruta.shared.exception.ExternalApiException: Error al consultar OpenWeatherMap: I/O error on GET request for "https://api.openweathermap.org/data/2.5/weather": api.openweathermap.org
	at com.agroruta.weather.infrastructure.external.OpenWeatherAdapter.callApi(OpenWeatherAdapter.java:67)
	at com.agroruta.weather.infrastructure.external.OpenWeatherAdapter.fetchWeatherByCity(OpenWeatherAdapter.java:30)
	at java.base/jdk.internal.reflect.DirectMethodHandleAccessor.invoke(DirectMethodHandleAccessor.java:104)
	at java.base/java.lang.reflect.Method.invoke(Method.java:565)
	at org.springframework.aop.support.AopUtils.invokeJoinpointUsingReflection(AopUtils.java:359)
	at org.springframework.aop.framework.ReflectiveMethodInvocation.invokeJoinpoint(ReflectiveMethodInvocation.java:190)
	at org.springframework.aop.framework.ReflectiveMethodInvocation.proceed(ReflectiveMethodInvocation.java:158)
	at org.springframework.aop.aspectj.MethodInvocationProceedingJoinPoint.proceed(MethodInvocationProceedingJoinPoint.java:82)
	at com.agroruta.shared.logging.LoggingAspect.logMethodExecution(LoggingAspect.java:38)
	at java.base/jdk.internal.reflect.DirectMethodHandleAccessor.invoke(DirectMethodHandleAccessor.java:104)
	at java.base/java.lang.reflect.Method.invoke(Method.java:565)
	at org.springframework.aop.aspectj.AbstractAspectJAdvice.invokeAdviceMethodWithGivenArgs(AbstractAspectJAdvice.java:648)
	at org.springframework.aop.aspectj.AbstractAspectJAdvice.invokeAdviceMethod(AbstractAspectJAdvice.java:630)
	at org.springframework.aop.aspectj.AspectJAroundAdvice.invoke(AspectJAroundAdvice.java:70)
	at org.springframework.aop.framework.ReflectiveMethodInvocation.proceed(ReflectiveMethodInvocation.java:179)
	at org.springframework.aop.interceptor.ExposeInvocationInterceptor.invoke(ExposeInvocationInterceptor.java:96)
	at org.springframework.aop.framework.ReflectiveMethodInvocation.proceed(ReflectiveMethodInvocation.java:179)
	at org.springframework.aop.framework.CglibAopProxy$DynamicAdvisedInterceptor.intercept(CglibAopProxy.java:719)
	at com.agroruta.weather.infrastructure.external.OpenWeatherAdapter$$SpringCGLIB$$0.fetchWeatherByCity(<generated>)
	at com.agroruta.weather.application.WeatherService.getWeatherByCity(WeatherService.java:18)
	at java.base/jdk.internal.reflect.DirectMethodHandleAccessor.invoke(DirectMethodHandleAccessor.java:104)
	at java.base/java.lang.reflect.Method.invoke(Method.java:565)
	at org.springframework.aop.support.AopUtils.invokeJoinpointUsingReflection(AopUtils.java:359)
	at org.springframework.aop.framework.ReflectiveMethodInvocation.invokeJoinpoint(ReflectiveMethodInvocation.java:190)
	at org.springframework.aop.framework.ReflectiveMethodInvocation.proceed(ReflectiveMethodInvocation.java:158)
	at org.springframework.aop.aspectj.MethodInvocationProceedingJoinPoint.proceed(MethodInvocationProceedingJoinPoint.java:82)
	at com.agroruta.shared.logging.LoggingAspect.logMethodExecution(LoggingAspect.java:38)
	at java.base/jdk.internal.reflect.DirectMethodHandleAccessor.invoke(DirectMethodHandleAccessor.java:104)
	at java.base/java.lang.reflect.Method.invoke(Method.java:565)
	at org.springframework.aop.aspectj.AbstractAspectJAdvice.invokeAdviceMethodWithGivenArgs(AbstractAspectJAdvice.java:648)
	at org.springframework.aop.aspectj.AbstractAspectJAdvice.invokeAdviceMethod(AbstractAspectJAdvice.java:630)
	at org.springframework.aop.aspectj.AspectJAroundAdvice.invoke(AspectJAroundAdvice.java:70)
	at org.springframework.aop.framework.ReflectiveMethodInvocation.proceed(ReflectiveMethodInvocation.java:179)
	at org.springframework.aop.interceptor.ExposeInvocationInterceptor.invoke(ExposeInvocationInterceptor.java:96)
	at org.springframework.aop.framework.ReflectiveMethodInvocation.proceed(ReflectiveMethodInvocation.java:179)
	at org.springframework.aop.framework.CglibAopProxy$DynamicAdvisedInterceptor.intercept(CglibAopProxy.java:719)
	at com.agroruta.weather.application.WeatherService$$SpringCGLIB$$0.getWeatherByCity(<generated>)
	at com.agroruta.weather.infrastructure.web.WeatherController.getByCity(WeatherController.java:19)
	at java.base/jdk.internal.reflect.DirectMethodHandleAccessor.invoke(DirectMethodHandleAccessor.java:104)
	at java.base/java.lang.reflect.Method.invoke(Method.java:565)
	at org.springframework.web.method.support.InvocableHandlerMethod.doInvoke(InvocableHandlerMethod.java:252)
	at org.springframework.web.method.support.InvocableHandlerMethod.invokeForRequest(InvocableHandlerMethod.java:184)
	at org.springframework.web.servlet.mvc.method.annotation.ServletInvocableHandlerMethod.invokeAndHandle(ServletInvocableHandlerMethod.java:117)
	at org.springframework.web.servlet.mvc.method.annotation.RequestMappingHandlerAdapter.invokeHandlerMethod(RequestMappingHandlerAdapter.java:934)
	at org.springframework.web.servlet.mvc.method.annotation.RequestMappingHandlerAdapter.handleInternal(RequestMappingHandlerAdapter.java:853)
	at org.springframework.web.servlet.mvc.method.AbstractHandlerMethodAdapter.handle(AbstractHandlerMethodAdapter.java:86)
	at org.springframework.web.servlet.DispatcherServlet.doDispatch(DispatcherServlet.java:963)
	at org.springframework.web.servlet.DispatcherServlet.doService(DispatcherServlet.java:866)
	at org.springframework.web.servlet.FrameworkServlet.processRequest(FrameworkServlet.java:1000)
	at org.springframework.web.servlet.FrameworkServlet.doGet(FrameworkServlet.java:892)
	at jakarta.servlet.http.HttpServlet.service(HttpServlet.java:622)
	at org.springframework.web.servlet.FrameworkServlet.service(FrameworkServlet.java:874)
	at jakarta.servlet.http.HttpServlet.service(HttpServlet.java:710)
	at org.apache.catalina.core.ApplicationFilterChain.doFilter(ApplicationFilterChain.java:128)
	at org.apache.tomcat.websocket.server.WsFilter.doFilter(WsFilter.java:53)
	at org.apache.catalina.core.ApplicationFilterChain.doFilter(ApplicationFilterChain.java:107)
	at org.springframework.web.filter.CorsFilter.doFilterInternal(CorsFilter.java:91)
	at org.springframework.web.filter.OncePerRequestFilter.doFilter(OncePerRequestFilter.java:116)
	at org.apache.catalina.core.ApplicationFilterChain.doFilter(ApplicationFilterChain.java:107)
	at org.springframework.web.filter.OncePerRequestFilter.doFilter(OncePerRequestFilter.java:110)
	at org.apache.catalina.core.ApplicationFilterChain.doFilter(ApplicationFilterChain.java:107)
	at com.agroruta.shared.logging.RequestLoggingFilter.doFilter(RequestLoggingFilter.java:48)
	at org.apache.catalina.core.ApplicationFilterChain.doFilter(ApplicationFilterChain.java:107)
	at org.springframework.web.filter.CompositeFilter$VirtualFilterChain.doFilter(CompositeFilter.java:108)
	at org.springframework.security.web.FilterChainProxy.lambda$doFilterInternal$3(FilterChainProxy.java:235)
	at org.springframework.security.web.FilterChainProxy$VirtualFilterChain.doFilter(FilterChainProxy.java:371)
	at org.springframework.security.web.access.intercept.AuthorizationFilter.doFilter(AuthorizationFilter.java:101)
	at org.springframework.security.web.FilterChainProxy$VirtualFilterChain.doFilter(FilterChainProxy.java:380)
	at org.springframework.security.web.access.ExceptionTranslationFilter.doFilter(ExceptionTranslationFilter.java:126)
	at org.springframework.security.web.access.ExceptionTranslationFilter.doFilter(ExceptionTranslationFilter.java:120)
	at org.springframework.security.web.FilterChainProxy$VirtualFilterChain.doFilter(FilterChainProxy.java:380)
	at org.springframework.security.web.session.SessionManagementFilter.doFilter(SessionManagementFilter.java:132)
	at org.springframework.security.web.session.SessionManagementFilter.doFilter(SessionManagementFilter.java:86)
	at org.springframework.security.web.FilterChainProxy$VirtualFilterChain.doFilter(FilterChainProxy.java:380)
	at org.springframework.security.web.authentication.AnonymousAuthenticationFilter.doFilter(AnonymousAuthenticationFilter.java:100)
	at org.springframework.security.web.FilterChainProxy$VirtualFilterChain.doFilter(FilterChainProxy.java:380)
	at org.springframework.security.web.servletapi.SecurityContextHolderAwareRequestFilter.doFilter(SecurityContextHolderAwareRequestFilter.java:181)
	at org.springframework.security.web.FilterChainProxy$VirtualFilterChain.doFilter(FilterChainProxy.java:380)
	at org.springframework.security.web.savedrequest.RequestCacheAwareFilter.doFilter(RequestCacheAwareFilter.java:63)
	at org.springframework.security.web.FilterChainProxy$VirtualFilterChain.doFilter(FilterChainProxy.java:380)
	at com.agroruta.shared.security.JwtAuthenticationFilter.doFilterInternal(JwtAuthenticationFilter.java:81)
	at org.springframework.web.filter.OncePerRequestFilter.doFilter(OncePerRequestFilter.java:116)
	at org.springframework.security.web.FilterChainProxy$VirtualFilterChain.doFilter(FilterChainProxy.java:380)
	at org.springframework.security.web.authentication.logout.LogoutFilter.doFilter(LogoutFilter.java:110)
	at org.springframework.security.web.authentication.logout.LogoutFilter.doFilter(LogoutFilter.java:96)
	at org.springframework.security.web.FilterChainProxy$VirtualFilterChain.doFilter(FilterChainProxy.java:380)
	at org.springframework.web.filter.CorsFilter.doFilterInternal(CorsFilter.java:91)
	at org.springframework.web.filter.OncePerRequestFilter.doFilter(OncePerRequestFilter.java:116)
	at org.springframework.security.web.FilterChainProxy$VirtualFilterChain.doFilter(FilterChainProxy.java:380)
	at org.springframework.security.web.header.HeaderWriterFilter.doHeadersAfter(HeaderWriterFilter.java:90)
	at org.springframework.security.web.header.HeaderWriterFilter.doFilterInternal(HeaderWriterFilter.java:75)
	at org.springframework.web.filter.OncePerRequestFilter.doFilter(OncePerRequestFilter.java:116)
	at org.springframework.security.web.FilterChainProxy$VirtualFilterChain.doFilter(FilterChainProxy.java:380)
	at org.springframework.security.web.context.SecurityContextHolderFilter.doFilter(SecurityContextHolderFilter.java:82)
	at org.springframework.security.web.context.SecurityContextHolderFilter.doFilter(SecurityContextHolderFilter.java:69)
	at org.springframework.security.web.FilterChainProxy$VirtualFilterChain.doFilter(FilterChainProxy.java:380)
	at org.springframework.security.web.context.request.async.WebAsyncManagerIntegrationFilter.doFilterInternal(WebAsyncManagerIntegrationFilter.java:62)
	at org.springframework.web.filter.OncePerRequestFilter.doFilter(OncePerRequestFilter.java:116)
	at org.springframework.security.web.FilterChainProxy$VirtualFilterChain.doFilter(FilterChainProxy.java:380)
	at org.springframework.security.web.session.DisableEncodeUrlFilter.doFilterInternal(DisableEncodeUrlFilter.java:42)
	at org.springframework.web.filter.OncePerRequestFilter.doFilter(OncePerRequestFilter.java:116)
	at org.springframework.security.web.FilterChainProxy$VirtualFilterChain.doFilter(FilterChainProxy.java:380)
	at org.springframework.security.web.FilterChainProxy.doFilterInternal(FilterChainProxy.java:237)
	at org.springframework.security.web.FilterChainProxy.doFilter(FilterChainProxy.java:195)
	at org.springframework.web.filter.CompositeFilter$VirtualFilterChain.doFilter(CompositeFilter.java:113)
	at org.springframework.web.filter.ServletRequestPathFilter.doFilter(ServletRequestPathFilter.java:52)
	at org.springframework.web.filter.CompositeFilter$VirtualFilterChain.doFilter(CompositeFilter.java:113)
	at org.springframework.web.filter.CompositeFilter.doFilter(CompositeFilter.java:74)
	at org.springframework.security.config.annotation.web.configuration.WebSecurityConfiguration$CompositeFilterChainProxy.doFilter(WebSecurityConfiguration.java:317)
	at org.springframework.web.filter.DelegatingFilterProxy.invokeDelegate(DelegatingFilterProxy.java:355)
	at org.springframework.web.filter.DelegatingFilterProxy.doFilter(DelegatingFilterProxy.java:272)
	at org.apache.catalina.core.ApplicationFilterChain.doFilter(ApplicationFilterChain.java:107)
	at org.springframework.web.filter.RequestContextFilter.doFilterInternal(RequestContextFilter.java:100)
	at org.springframework.web.filter.OncePerRequestFilter.doFilter(OncePerRequestFilter.java:116)
	at org.apache.catalina.core.ApplicationFilterChain.doFilter(ApplicationFilterChain.java:107)
	at org.springframework.web.filter.FormContentFilter.doFilterInternal(FormContentFilter.java:93)
	at org.springframework.web.filter.OncePerRequestFilter.doFilter(OncePerRequestFilter.java:116)
	at org.apache.catalina.core.ApplicationFilterChain.doFilter(ApplicationFilterChain.java:107)
	at org.springframework.web.filter.CharacterEncodingFilter.doFilterInternal(CharacterEncodingFilter.java:199)
	at org.springframework.web.filter.OncePerRequestFilter.doFilter(OncePerRequestFilter.java:116)
	at org.apache.catalina.core.ApplicationFilterChain.doFilter(ApplicationFilterChain.java:107)
	at org.apache.catalina.core.StandardWrapperValve.invoke(StandardWrapperValve.java:165)
	at org.apache.catalina.core.StandardContextValve.invoke(StandardContextValve.java:77)
	at org.apache.catalina.authenticator.AuthenticatorBase.invoke(AuthenticatorBase.java:492)
	at org.apache.catalina.core.StandardHostValve.invoke(StandardHostValve.java:113)
	at org.apache.catalina.valves.ErrorReportValve.invoke(ErrorReportValve.java:83)
	at org.apache.catalina.core.StandardEngineValve.invoke(StandardEngineValve.java:72)
	at org.apache.catalina.connector.CoyoteAdapter.service(CoyoteAdapter.java:341)
	at org.apache.coyote.http11.Http11Processor.service(Http11Processor.java:397)
	at org.apache.coyote.AbstractProcessorLight.process(AbstractProcessorLight.java:63)
	at org.apache.coyote.AbstractProtocol$ConnectionHandler.process(AbstractProtocol.java:903)
	at org.apache.tomcat.util.net.NioEndpoint$SocketProcessor.doRun(NioEndpoint.java:1779)
	at org.apache.tomcat.util.net.SocketProcessorBase.run(SocketProcessorBase.java:52)
	at org.apache.tomcat.util.threads.ThreadPoolExecutor.runWorker(ThreadPoolExecutor.java:946)
	at org.apache.tomcat.util.threads.ThreadPoolExecutor$Worker.run(ThreadPoolExecutor.java:480)
	at org.apache.tomcat.util.threads.TaskThread$WrappingRunnable.run(TaskThread.java:57)
	at java.base/java.lang.Thread.run(Thread.java:1447)
2026-05-23 12:42:47.917 WARN  [A20EA2F4][GET][/api/v1/weather/city] o.s.w.s.m.m.a.ExceptionHandlerExceptionResolver - Resolved [com.agroruta.shared.exception.ExternalApiException: Error al consultar OpenWeatherMap: I/O error on GET request for "https://api.openweathermap.org/data/2.5/weather": api.openweathermap.org]
2026-05-23 12:42:47.917 INFO  [A20EA2F4][GET][/api/v1/weather/city] com.agroruta.shared.logging.RequestLoggingFilter - ← GET /api/v1/weather/city | status=502 | 8ms
2026-05-23 12:42:47.929 INFO  [4E8BA849][GET][/api/lotes/finca/10] com.agroruta.shared.logging.RequestLoggingFilter - → GET /api/lotes/finca/10
2026-05-23 12:42:47.930 INFO  [9A85D7A4][GET][/api/lotes/finca/11] com.agroruta.shared.logging.RequestLoggingFilter - → GET /api/lotes/finca/11
2026-05-23 12:42:47.944 INFO  [9A85D7A4][GET][/api/lotes/finca/11] com.agroruta.shared.logging.RequestLoggingFilter - ← GET /api/lotes/finca/11 | status=200 | 14ms
2026-05-23 12:42:47.944 INFO  [4E8BA849][GET][/api/lotes/finca/10] com.agroruta.shared.logging.RequestLoggingFilter - ← GET /api/lotes/finca/10 | status=200 | 15ms
2026-05-23 12:42:49.228 INFO  [54C15CE3][GET][/api/fincas/agricultor/1] com.agroruta.shared.logging.RequestLoggingFilter - → GET /api/fincas/agricultor/1
2026-05-23 12:42:49.231 INFO  [6BB59EBC][GET][/api/v1/weather/city] com.agroruta.shared.logging.RequestLoggingFilter - → GET /api/v1/weather/city
2026-05-23 12:42:49.232 ERROR [6BB59EBC][GET][/api/v1/weather/city] c.a.w.infrastructure.external.OpenWeatherAdapter - ✗ fetchWeatherByCity() lanzó ExternalApiException: Error al consultar OpenWeatherMap: I/O error on GET request for "https://api.openweathermap.org/data/2.5/weather": api.openweathermap.org
2026-05-23 12:42:49.233 ERROR [6BB59EBC][GET][/api/v1/weather/city] com.agroruta.weather.application.WeatherService - ✗ getWeatherByCity() lanzó ExternalApiException: Error al consultar OpenWeatherMap: I/O error on GET request for "https://api.openweathermap.org/data/2.5/weather": api.openweathermap.org
2026-05-23 12:42:49.233 INFO  [54C15CE3][GET][/api/fincas/agricultor/1] com.agroruta.shared.logging.RequestLoggingFilter - ← GET /api/fincas/agricultor/1 | status=200 | 5ms
2026-05-23 12:42:49.233 ERROR [6BB59EBC][GET][/api/v1/weather/city] c.agroruta.shared.exception.GlobalExceptionHandler - [6BB59EBC] Error en servicio externo en /api/v1/weather/city: Error al consultar OpenWeatherMap: I/O error on GET request for "https://api.openweathermap.org/data/2.5/weather": api.openweathermap.org
com.agroruta.shared.exception.ExternalApiException: Error al consultar OpenWeatherMap: I/O error on GET request for "https://api.openweathermap.org/data/2.5/weather": api.openweathermap.org
	at com.agroruta.weather.infrastructure.external.OpenWeatherAdapter.callApi(OpenWeatherAdapter.java:67)
	at com.agroruta.weather.infrastructure.external.OpenWeatherAdapter.fetchWeatherByCity(OpenWeatherAdapter.java:30)
	at java.base/jdk.internal.reflect.DirectMethodHandleAccessor.invoke(DirectMethodHandleAccessor.java:104)
	at java.base/java.lang.reflect.Method.invoke(Method.java:565)
	at org.springframework.aop.support.AopUtils.invokeJoinpointUsingReflection(AopUtils.java:359)
	at org.springframework.aop.framework.ReflectiveMethodInvocation.invokeJoinpoint(ReflectiveMethodInvocation.java:190)
	at org.springframework.aop.framework.ReflectiveMethodInvocation.proceed(ReflectiveMethodInvocation.java:158)
	at org.springframework.aop.aspectj.MethodInvocationProceedingJoinPoint.proceed(MethodInvocationProceedingJoinPoint.java:82)
	at com.agroruta.shared.logging.LoggingAspect.logMethodExecution(LoggingAspect.java:38)
	at java.base/jdk.internal.reflect.DirectMethodHandleAccessor.invoke(DirectMethodHandleAccessor.java:104)
	at java.base/java.lang.reflect.Method.invoke(Method.java:565)
	at org.springframework.aop.aspectj.AbstractAspectJAdvice.invokeAdviceMethodWithGivenArgs(AbstractAspectJAdvice.java:648)
	at org.springframework.aop.aspectj.AbstractAspectJAdvice.invokeAdviceMethod(AbstractAspectJAdvice.java:630)
	at org.springframework.aop.aspectj.AspectJAroundAdvice.invoke(AspectJAroundAdvice.java:70)
	at org.springframework.aop.framework.ReflectiveMethodInvocation.proceed(ReflectiveMethodInvocation.java:179)
	at org.springframework.aop.interceptor.ExposeInvocationInterceptor.invoke(ExposeInvocationInterceptor.java:96)
	at org.springframework.aop.framework.ReflectiveMethodInvocation.proceed(ReflectiveMethodInvocation.java:179)
	at org.springframework.aop.framework.CglibAopProxy$DynamicAdvisedInterceptor.intercept(CglibAopProxy.java:719)
	at com.agroruta.weather.infrastructure.external.OpenWeatherAdapter$$SpringCGLIB$$0.fetchWeatherByCity(<generated>)
	at com.agroruta.weather.application.WeatherService.getWeatherByCity(WeatherService.java:18)
	at java.base/jdk.internal.reflect.DirectMethodHandleAccessor.invoke(DirectMethodHandleAccessor.java:104)
	at java.base/java.lang.reflect.Method.invoke(Method.java:565)
	at org.springframework.aop.support.AopUtils.invokeJoinpointUsingReflection(AopUtils.java:359)
	at org.springframework.aop.framework.ReflectiveMethodInvocation.invokeJoinpoint(ReflectiveMethodInvocation.java:190)
	at org.springframework.aop.framework.ReflectiveMethodInvocation.proceed(ReflectiveMethodInvocation.java:158)
	at org.springframework.aop.aspectj.MethodInvocationProceedingJoinPoint.proceed(MethodInvocationProceedingJoinPoint.java:82)
	at com.agroruta.shared.logging.LoggingAspect.logMethodExecution(LoggingAspect.java:38)
	at java.base/jdk.internal.reflect.DirectMethodHandleAccessor.invoke(DirectMethodHandleAccessor.java:104)
	at java.base/java.lang.reflect.Method.invoke(Method.java:565)
	at org.springframework.aop.aspectj.AbstractAspectJAdvice.invokeAdviceMethodWithGivenArgs(AbstractAspectJAdvice.java:648)
	at org.springframework.aop.aspectj.AbstractAspectJAdvice.invokeAdviceMethod(AbstractAspectJAdvice.java:630)
	at org.springframework.aop.aspectj.AspectJAroundAdvice.invoke(AspectJAroundAdvice.java:70)
	at org.springframework.aop.framework.ReflectiveMethodInvocation.proceed(ReflectiveMethodInvocation.java:179)
	at org.springframework.aop.interceptor.ExposeInvocationInterceptor.invoke(ExposeInvocationInterceptor.java:96)
	at org.springframework.aop.framework.ReflectiveMethodInvocation.proceed(ReflectiveMethodInvocation.java:179)
	at org.springframework.aop.framework.CglibAopProxy$DynamicAdvisedInterceptor.intercept(CglibAopProxy.java:719)
	at com.agroruta.weather.application.WeatherService$$SpringCGLIB$$0.getWeatherByCity(<generated>)
	at com.agroruta.weather.infrastructure.web.WeatherController.getByCity(WeatherController.java:19)
	at java.base/jdk.internal.reflect.DirectMethodHandleAccessor.invoke(DirectMethodHandleAccessor.java:104)
	at java.base/java.lang.reflect.Method.invoke(Method.java:565)
	at org.springframework.web.method.support.InvocableHandlerMethod.doInvoke(InvocableHandlerMethod.java:252)
	at org.springframework.web.method.support.InvocableHandlerMethod.invokeForRequest(InvocableHandlerMethod.java:184)
	at org.springframework.web.servlet.mvc.method.annotation.ServletInvocableHandlerMethod.invokeAndHandle(ServletInvocableHandlerMethod.java:117)
	at org.springframework.web.servlet.mvc.method.annotation.RequestMappingHandlerAdapter.invokeHandlerMethod(RequestMappingHandlerAdapter.java:934)
	at org.springframework.web.servlet.mvc.method.annotation.RequestMappingHandlerAdapter.handleInternal(RequestMappingHandlerAdapter.java:853)
	at org.springframework.web.servlet.mvc.method.AbstractHandlerMethodAdapter.handle(AbstractHandlerMethodAdapter.java:86)
	at org.springframework.web.servlet.DispatcherServlet.doDispatch(DispatcherServlet.java:963)
	at org.springframework.web.servlet.DispatcherServlet.doService(DispatcherServlet.java:866)
	at org.springframework.web.servlet.FrameworkServlet.processRequest(FrameworkServlet.java:1000)
	at org.springframework.web.servlet.FrameworkServlet.doGet(FrameworkServlet.java:892)
	at jakarta.servlet.http.HttpServlet.service(HttpServlet.java:622)
	at org.springframework.web.servlet.FrameworkServlet.service(FrameworkServlet.java:874)
	at jakarta.servlet.http.HttpServlet.service(HttpServlet.java:710)
	at org.apache.catalina.core.ApplicationFilterChain.doFilter(ApplicationFilterChain.java:128)
	at org.apache.tomcat.websocket.server.WsFilter.doFilter(WsFilter.java:53)
	at org.apache.catalina.core.ApplicationFilterChain.doFilter(ApplicationFilterChain.java:107)
	at org.springframework.web.filter.CorsFilter.doFilterInternal(CorsFilter.java:91)
	at org.springframework.web.filter.OncePerRequestFilter.doFilter(OncePerRequestFilter.java:116)
	at org.apache.catalina.core.ApplicationFilterChain.doFilter(ApplicationFilterChain.java:107)
	at org.springframework.web.filter.OncePerRequestFilter.doFilter(OncePerRequestFilter.java:110)
	at org.apache.catalina.core.ApplicationFilterChain.doFilter(ApplicationFilterChain.java:107)
	at com.agroruta.shared.logging.RequestLoggingFilter.doFilter(RequestLoggingFilter.java:48)
	at org.apache.catalina.core.ApplicationFilterChain.doFilter(ApplicationFilterChain.java:107)
	at org.springframework.web.filter.CompositeFilter$VirtualFilterChain.doFilter(CompositeFilter.java:108)
	at org.springframework.security.web.FilterChainProxy.lambda$doFilterInternal$3(FilterChainProxy.java:235)
	at org.springframework.security.web.FilterChainProxy$VirtualFilterChain.doFilter(FilterChainProxy.java:371)
	at org.springframework.security.web.access.intercept.AuthorizationFilter.doFilter(AuthorizationFilter.java:101)
	at org.springframework.security.web.FilterChainProxy$VirtualFilterChain.doFilter(FilterChainProxy.java:380)
	at org.springframework.security.web.access.ExceptionTranslationFilter.doFilter(ExceptionTranslationFilter.java:126)
	at org.springframework.security.web.access.ExceptionTranslationFilter.doFilter(ExceptionTranslationFilter.java:120)
	at org.springframework.security.web.FilterChainProxy$VirtualFilterChain.doFilter(FilterChainProxy.java:380)
	at org.springframework.security.web.session.SessionManagementFilter.doFilter(SessionManagementFilter.java:132)
	at org.springframework.security.web.session.SessionManagementFilter.doFilter(SessionManagementFilter.java:86)
	at org.springframework.security.web.FilterChainProxy$VirtualFilterChain.doFilter(FilterChainProxy.java:380)
	at org.springframework.security.web.authentication.AnonymousAuthenticationFilter.doFilter(AnonymousAuthenticationFilter.java:100)
	at org.springframework.security.web.FilterChainProxy$VirtualFilterChain.doFilter(FilterChainProxy.java:380)
	at org.springframework.security.web.servletapi.SecurityContextHolderAwareRequestFilter.doFilter(SecurityContextHolderAwareRequestFilter.java:181)
	at org.springframework.security.web.FilterChainProxy$VirtualFilterChain.doFilter(FilterChainProxy.java:380)
	at org.springframework.security.web.savedrequest.RequestCacheAwareFilter.doFilter(RequestCacheAwareFilter.java:63)
	at org.springframework.security.web.FilterChainProxy$VirtualFilterChain.doFilter(FilterChainProxy.java:380)
	at com.agroruta.shared.security.JwtAuthenticationFilter.doFilterInternal(JwtAuthenticationFilter.java:81)
	at org.springframework.web.filter.OncePerRequestFilter.doFilter(OncePerRequestFilter.java:116)
	at org.springframework.security.web.FilterChainProxy$VirtualFilterChain.doFilter(FilterChainProxy.java:380)
	at org.springframework.security.web.authentication.logout.LogoutFilter.doFilter(LogoutFilter.java:110)
	at org.springframework.security.web.authentication.logout.LogoutFilter.doFilter(LogoutFilter.java:96)
	at org.springframework.security.web.FilterChainProxy$VirtualFilterChain.doFilter(FilterChainProxy.java:380)
	at org.springframework.web.filter.CorsFilter.doFilterInternal(CorsFilter.java:91)
	at org.springframework.web.filter.OncePerRequestFilter.doFilter(OncePerRequestFilter.java:116)
	at org.springframework.security.web.FilterChainProxy$VirtualFilterChain.doFilter(FilterChainProxy.java:380)
	at org.springframework.security.web.header.HeaderWriterFilter.doHeadersAfter(HeaderWriterFilter.java:90)
	at org.springframework.security.web.header.HeaderWriterFilter.doFilterInternal(HeaderWriterFilter.java:75)
	at org.springframework.web.filter.OncePerRequestFilter.doFilter(OncePerRequestFilter.java:116)
	at org.springframework.security.web.FilterChainProxy$VirtualFilterChain.doFilter(FilterChainProxy.java:380)
	at org.springframework.security.web.context.SecurityContextHolderFilter.doFilter(SecurityContextHolderFilter.java:82)
	at org.springframework.security.web.context.SecurityContextHolderFilter.doFilter(SecurityContextHolderFilter.java:69)
	at org.springframework.security.web.FilterChainProxy$VirtualFilterChain.doFilter(FilterChainProxy.java:380)
	at org.springframework.security.web.context.request.async.WebAsyncManagerIntegrationFilter.doFilterInternal(WebAsyncManagerIntegrationFilter.java:62)
	at org.springframework.web.filter.OncePerRequestFilter.doFilter(OncePerRequestFilter.java:116)
	at org.springframework.security.web.FilterChainProxy$VirtualFilterChain.doFilter(FilterChainProxy.java:380)
	at org.springframework.security.web.session.DisableEncodeUrlFilter.doFilterInternal(DisableEncodeUrlFilter.java:42)
	at org.springframework.web.filter.OncePerRequestFilter.doFilter(OncePerRequestFilter.java:116)
	at org.springframework.security.web.FilterChainProxy$VirtualFilterChain.doFilter(FilterChainProxy.java:380)
	at org.springframework.security.web.FilterChainProxy.doFilterInternal(FilterChainProxy.java:237)
	at org.springframework.security.web.FilterChainProxy.doFilter(FilterChainProxy.java:195)
	at org.springframework.web.filter.CompositeFilter$VirtualFilterChain.doFilter(CompositeFilter.java:113)
	at org.springframework.web.filter.ServletRequestPathFilter.doFilter(ServletRequestPathFilter.java:52)
	at org.springframework.web.filter.CompositeFilter$VirtualFilterChain.doFilter(CompositeFilter.java:113)
	at org.springframework.web.filter.CompositeFilter.doFilter(CompositeFilter.java:74)
	at org.springframework.security.config.annotation.web.configuration.WebSecurityConfiguration$CompositeFilterChainProxy.doFilter(WebSecurityConfiguration.java:317)
	at org.springframework.web.filter.DelegatingFilterProxy.invokeDelegate(DelegatingFilterProxy.java:355)
	at org.springframework.web.filter.DelegatingFilterProxy.doFilter(DelegatingFilterProxy.java:272)
	at org.apache.catalina.core.ApplicationFilterChain.doFilter(ApplicationFilterChain.java:107)
	at org.springframework.web.filter.RequestContextFilter.doFilterInternal(RequestContextFilter.java:100)
	at org.springframework.web.filter.OncePerRequestFilter.doFilter(OncePerRequestFilter.java:116)
	at org.apache.catalina.core.ApplicationFilterChain.doFilter(ApplicationFilterChain.java:107)
	at org.springframework.web.filter.FormContentFilter.doFilterInternal(FormContentFilter.java:93)
	at org.springframework.web.filter.OncePerRequestFilter.doFilter(OncePerRequestFilter.java:116)
	at org.apache.catalina.core.ApplicationFilterChain.doFilter(ApplicationFilterChain.java:107)
	at org.springframework.web.filter.CharacterEncodingFilter.doFilterInternal(CharacterEncodingFilter.java:199)
	at org.springframework.web.filter.OncePerRequestFilter.doFilter(OncePerRequestFilter.java:116)
	at org.apache.catalina.core.ApplicationFilterChain.doFilter(ApplicationFilterChain.java:107)
	at org.apache.catalina.core.StandardWrapperValve.invoke(StandardWrapperValve.java:165)
	at org.apache.catalina.core.StandardContextValve.invoke(StandardContextValve.java:77)
	at org.apache.catalina.authenticator.AuthenticatorBase.invoke(AuthenticatorBase.java:492)
	at org.apache.catalina.core.StandardHostValve.invoke(StandardHostValve.java:113)
	at org.apache.catalina.valves.ErrorReportValve.invoke(ErrorReportValve.java:83)
	at org.apache.catalina.core.StandardEngineValve.invoke(StandardEngineValve.java:72)
	at org.apache.catalina.connector.CoyoteAdapter.service(CoyoteAdapter.java:341)
	at org.apache.coyote.http11.Http11Processor.service(Http11Processor.java:397)
	at org.apache.coyote.AbstractProcessorLight.process(AbstractProcessorLight.java:63)
	at org.apache.coyote.AbstractProtocol$ConnectionHandler.process(AbstractProtocol.java:903)
	at org.apache.tomcat.util.net.NioEndpoint$SocketProcessor.doRun(NioEndpoint.java:1779)
	at org.apache.tomcat.util.net.SocketProcessorBase.run(SocketProcessorBase.java:52)
	at org.apache.tomcat.util.threads.ThreadPoolExecutor.runWorker(ThreadPoolExecutor.java:946)
	at org.apache.tomcat.util.threads.ThreadPoolExecutor$Worker.run(ThreadPoolExecutor.java:480)
	at org.apache.tomcat.util.threads.TaskThread$WrappingRunnable.run(TaskThread.java:57)
	at java.base/java.lang.Thread.run(Thread.java:1447)
2026-05-23 12:42:49.235 WARN  [6BB59EBC][GET][/api/v1/weather/city] o.s.w.s.m.m.a.ExceptionHandlerExceptionResolver - Resolved [com.agroruta.shared.exception.ExternalApiException: Error al consultar OpenWeatherMap: I/O error on GET request for "https://api.openweathermap.org/data/2.5/weather": api.openweathermap.org]
2026-05-23 12:42:49.235 INFO  [6BB59EBC][GET][/api/v1/weather/city] com.agroruta.shared.logging.RequestLoggingFilter - ← GET /api/v1/weather/city | status=502 | 4ms
2026-05-23 12:42:49.241 INFO  [BFA77EA0][GET][/api/lotes/finca/11] com.agroruta.shared.logging.RequestLoggingFilter - → GET /api/lotes/finca/11
2026-05-23 12:42:49.241 INFO  [2B2408F0][GET][/api/lotes/finca/10] com.agroruta.shared.logging.RequestLoggingFilter - → GET /api/lotes/finca/10
2026-05-23 12:42:49.254 INFO  [2B2408F0][GET][/api/lotes/finca/10] com.agroruta.shared.logging.RequestLoggingFilter - ← GET /api/lotes/finca/10 | status=200 | 13ms
2026-05-23 12:42:49.254 INFO  [BFA77EA0][GET][/api/lotes/finca/11] com.agroruta.shared.logging.RequestLoggingFilter - ← GET /api/lotes/finca/11 | status=200 | 13ms
2026-05-23 12:42:51.051 INFO  [39BE9E09][GET][/api/v1/weather/city] com.agroruta.shared.logging.RequestLoggingFilter - → GET /api/v1/weather/city
2026-05-23 12:42:51.055 ERROR [39BE9E09][GET][/api/v1/weather/city] c.a.w.infrastructure.external.OpenWeatherAdapter - ✗ fetchWeatherByCity() lanzó ExternalApiException: Error al consultar OpenWeatherMap: I/O error on GET request for "https://api.openweathermap.org/data/2.5/weather": api.openweathermap.org
2026-05-23 12:42:51.056 ERROR [39BE9E09][GET][/api/v1/weather/city] com.agroruta.weather.application.WeatherService - ✗ getWeatherByCity() lanzó ExternalApiException: Error al consultar OpenWeatherMap: I/O error on GET request for "https://api.openweathermap.org/data/2.5/weather": api.openweathermap.org
2026-05-23 12:42:51.057 ERROR [39BE9E09][GET][/api/v1/weather/city] c.agroruta.shared.exception.GlobalExceptionHandler - [39BE9E09] Error en servicio externo en /api/v1/weather/city: Error al consultar OpenWeatherMap: I/O error on GET request for "https://api.openweathermap.org/data/2.5/weather": api.openweathermap.org
com.agroruta.shared.exception.ExternalApiException: Error al consultar OpenWeatherMap: I/O error on GET request for "https://api.openweathermap.org/data/2.5/weather": api.openweathermap.org
	at com.agroruta.weather.infrastructure.external.OpenWeatherAdapter.callApi(OpenWeatherAdapter.java:67)
	at com.agroruta.weather.infrastructure.external.OpenWeatherAdapter.fetchWeatherByCity(OpenWeatherAdapter.java:30)
	at java.base/jdk.internal.reflect.DirectMethodHandleAccessor.invoke(DirectMethodHandleAccessor.java:104)
	at java.base/java.lang.reflect.Method.invoke(Method.java:565)
	at org.springframework.aop.support.AopUtils.invokeJoinpointUsingReflection(AopUtils.java:359)
	at org.springframework.aop.framework.ReflectiveMethodInvocation.invokeJoinpoint(ReflectiveMethodInvocation.java:190)
	at org.springframework.aop.framework.ReflectiveMethodInvocation.proceed(ReflectiveMethodInvocation.java:158)
	at org.springframework.aop.aspectj.MethodInvocationProceedingJoinPoint.proceed(MethodInvocationProceedingJoinPoint.java:82)
	at com.agroruta.shared.logging.LoggingAspect.logMethodExecution(LoggingAspect.java:38)
	at java.base/jdk.internal.reflect.DirectMethodHandleAccessor.invoke(DirectMethodHandleAccessor.java:104)
	at java.base/java.lang.reflect.Method.invoke(Method.java:565)
	at org.springframework.aop.aspectj.AbstractAspectJAdvice.invokeAdviceMethodWithGivenArgs(AbstractAspectJAdvice.java:648)
	at org.springframework.aop.aspectj.AbstractAspectJAdvice.invokeAdviceMethod(AbstractAspectJAdvice.java:630)
	at org.springframework.aop.aspectj.AspectJAroundAdvice.invoke(AspectJAroundAdvice.java:70)
	at org.springframework.aop.framework.ReflectiveMethodInvocation.proceed(ReflectiveMethodInvocation.java:179)
	at org.springframework.aop.interceptor.ExposeInvocationInterceptor.invoke(ExposeInvocationInterceptor.java:96)
	at org.springframework.aop.framework.ReflectiveMethodInvocation.proceed(ReflectiveMethodInvocation.java:179)
	at org.springframework.aop.framework.CglibAopProxy$DynamicAdvisedInterceptor.intercept(CglibAopProxy.java:719)
	at com.agroruta.weather.infrastructure.external.OpenWeatherAdapter$$SpringCGLIB$$0.fetchWeatherByCity(<generated>)
	at com.agroruta.weather.application.WeatherService.getWeatherByCity(WeatherService.java:18)
	at java.base/jdk.internal.reflect.DirectMethodHandleAccessor.invoke(DirectMethodHandleAccessor.java:104)
	at java.base/java.lang.reflect.Method.invoke(Method.java:565)
	at org.springframework.aop.support.AopUtils.invokeJoinpointUsingReflection(AopUtils.java:359)
	at org.springframework.aop.framework.ReflectiveMethodInvocation.invokeJoinpoint(ReflectiveMethodInvocation.java:190)
	at org.springframework.aop.framework.ReflectiveMethodInvocation.proceed(ReflectiveMethodInvocation.java:158)
	at org.springframework.aop.aspectj.MethodInvocationProceedingJoinPoint.proceed(MethodInvocationProceedingJoinPoint.java:82)
	at com.agroruta.shared.logging.LoggingAspect.logMethodExecution(LoggingAspect.java:38)
	at java.base/jdk.internal.reflect.DirectMethodHandleAccessor.invoke(DirectMethodHandleAccessor.java:104)
	at java.base/java.lang.reflect.Method.invoke(Method.java:565)
	at org.springframework.aop.aspectj.AbstractAspectJAdvice.invokeAdviceMethodWithGivenArgs(AbstractAspectJAdvice.java:648)
	at org.springframework.aop.aspectj.AbstractAspectJAdvice.invokeAdviceMethod(AbstractAspectJAdvice.java:630)
	at org.springframework.aop.aspectj.AspectJAroundAdvice.invoke(AspectJAroundAdvice.java:70)
	at org.springframework.aop.framework.ReflectiveMethodInvocation.proceed(ReflectiveMethodInvocation.java:179)
	at org.springframework.aop.interceptor.ExposeInvocationInterceptor.invoke(ExposeInvocationInterceptor.java:96)
	at org.springframework.aop.framework.ReflectiveMethodInvocation.proceed(ReflectiveMethodInvocation.java:179)
	at org.springframework.aop.framework.CglibAopProxy$DynamicAdvisedInterceptor.intercept(CglibAopProxy.java:719)
	at com.agroruta.weather.application.WeatherService$$SpringCGLIB$$0.getWeatherByCity(<generated>)
	at com.agroruta.weather.infrastructure.web.WeatherController.getByCity(WeatherController.java:19)
	at java.base/jdk.internal.reflect.DirectMethodHandleAccessor.invoke(DirectMethodHandleAccessor.java:104)
	at java.base/java.lang.reflect.Method.invoke(Method.java:565)
	at org.springframework.web.method.support.InvocableHandlerMethod.doInvoke(InvocableHandlerMethod.java:252)
	at org.springframework.web.method.support.InvocableHandlerMethod.invokeForRequest(InvocableHandlerMethod.java:184)
	at org.springframework.web.servlet.mvc.method.annotation.ServletInvocableHandlerMethod.invokeAndHandle(ServletInvocableHandlerMethod.java:117)
	at org.springframework.web.servlet.mvc.method.annotation.RequestMappingHandlerAdapter.invokeHandlerMethod(RequestMappingHandlerAdapter.java:934)
	at org.springframework.web.servlet.mvc.method.annotation.RequestMappingHandlerAdapter.handleInternal(RequestMappingHandlerAdapter.java:853)
	at org.springframework.web.servlet.mvc.method.AbstractHandlerMethodAdapter.handle(AbstractHandlerMethodAdapter.java:86)
	at org.springframework.web.servlet.DispatcherServlet.doDispatch(DispatcherServlet.java:963)
	at org.springframework.web.servlet.DispatcherServlet.doService(DispatcherServlet.java:866)
	at org.springframework.web.servlet.FrameworkServlet.processRequest(FrameworkServlet.java:1000)
	at org.springframework.web.servlet.FrameworkServlet.doGet(FrameworkServlet.java:892)
	at jakarta.servlet.http.HttpServlet.service(HttpServlet.java:622)
	at org.springframework.web.servlet.FrameworkServlet.service(FrameworkServlet.java:874)
	at jakarta.servlet.http.HttpServlet.service(HttpServlet.java:710)
	at org.apache.catalina.core.ApplicationFilterChain.doFilter(ApplicationFilterChain.java:128)
	at org.apache.tomcat.websocket.server.WsFilter.doFilter(WsFilter.java:53)
	at org.apache.catalina.core.ApplicationFilterChain.doFilter(ApplicationFilterChain.java:107)
	at org.springframework.web.filter.CorsFilter.doFilterInternal(CorsFilter.java:91)
	at org.springframework.web.filter.OncePerRequestFilter.doFilter(OncePerRequestFilter.java:116)
	at org.apache.catalina.core.ApplicationFilterChain.doFilter(ApplicationFilterChain.java:107)
	at org.springframework.web.filter.OncePerRequestFilter.doFilter(OncePerRequestFilter.java:110)
	at org.apache.catalina.core.ApplicationFilterChain.doFilter(ApplicationFilterChain.java:107)
	at com.agroruta.shared.logging.RequestLoggingFilter.doFilter(RequestLoggingFilter.java:48)
	at org.apache.catalina.core.ApplicationFilterChain.doFilter(ApplicationFilterChain.java:107)
	at org.springframework.web.filter.CompositeFilter$VirtualFilterChain.doFilter(CompositeFilter.java:108)
	at org.springframework.security.web.FilterChainProxy.lambda$doFilterInternal$3(FilterChainProxy.java:235)
	at org.springframework.security.web.FilterChainProxy$VirtualFilterChain.doFilter(FilterChainProxy.java:371)
	at org.springframework.security.web.access.intercept.AuthorizationFilter.doFilter(AuthorizationFilter.java:101)
	at org.springframework.security.web.FilterChainProxy$VirtualFilterChain.doFilter(FilterChainProxy.java:380)
	at org.springframework.security.web.access.ExceptionTranslationFilter.doFilter(ExceptionTranslationFilter.java:126)
	at org.springframework.security.web.access.ExceptionTranslationFilter.doFilter(ExceptionTranslationFilter.java:120)
	at org.springframework.security.web.FilterChainProxy$VirtualFilterChain.doFilter(FilterChainProxy.java:380)
	at org.springframework.security.web.session.SessionManagementFilter.doFilter(SessionManagementFilter.java:132)
	at org.springframework.security.web.session.SessionManagementFilter.doFilter(SessionManagementFilter.java:86)
	at org.springframework.security.web.FilterChainProxy$VirtualFilterChain.doFilter(FilterChainProxy.java:380)
	at org.springframework.security.web.authentication.AnonymousAuthenticationFilter.doFilter(AnonymousAuthenticationFilter.java:100)
	at org.springframework.security.web.FilterChainProxy$VirtualFilterChain.doFilter(FilterChainProxy.java:380)
	at org.springframework.security.web.servletapi.SecurityContextHolderAwareRequestFilter.doFilter(SecurityContextHolderAwareRequestFilter.java:181)
	at org.springframework.security.web.FilterChainProxy$VirtualFilterChain.doFilter(FilterChainProxy.java:380)
	at org.springframework.security.web.savedrequest.RequestCacheAwareFilter.doFilter(RequestCacheAwareFilter.java:63)
	at org.springframework.security.web.FilterChainProxy$VirtualFilterChain.doFilter(FilterChainProxy.java:380)
	at com.agroruta.shared.security.JwtAuthenticationFilter.doFilterInternal(JwtAuthenticationFilter.java:81)
	at org.springframework.web.filter.OncePerRequestFilter.doFilter(OncePerRequestFilter.java:116)
	at org.springframework.security.web.FilterChainProxy$VirtualFilterChain.doFilter(FilterChainProxy.java:380)
	at org.springframework.security.web.authentication.logout.LogoutFilter.doFilter(LogoutFilter.java:110)
	at org.springframework.security.web.authentication.logout.LogoutFilter.doFilter(LogoutFilter.java:96)
	at org.springframework.security.web.FilterChainProxy$VirtualFilterChain.doFilter(FilterChainProxy.java:380)
	at org.springframework.web.filter.CorsFilter.doFilterInternal(CorsFilter.java:91)
	at org.springframework.web.filter.OncePerRequestFilter.doFilter(OncePerRequestFilter.java:116)
	at org.springframework.security.web.FilterChainProxy$VirtualFilterChain.doFilter(FilterChainProxy.java:380)
	at org.springframework.security.web.header.HeaderWriterFilter.doHeadersAfter(HeaderWriterFilter.java:90)
	at org.springframework.security.web.header.HeaderWriterFilter.doFilterInternal(HeaderWriterFilter.java:75)
	at org.springframework.web.filter.OncePerRequestFilter.doFilter(OncePerRequestFilter.java:116)
	at org.springframework.security.web.FilterChainProxy$VirtualFilterChain.doFilter(FilterChainProxy.java:380)
	at org.springframework.security.web.context.SecurityContextHolderFilter.doFilter(SecurityContextHolderFilter.java:82)
	at org.springframework.security.web.context.SecurityContextHolderFilter.doFilter(SecurityContextHolderFilter.java:69)
	at org.springframework.security.web.FilterChainProxy$VirtualFilterChain.doFilter(FilterChainProxy.java:380)
	at org.springframework.security.web.context.request.async.WebAsyncManagerIntegrationFilter.doFilterInternal(WebAsyncManagerIntegrationFilter.java:62)
	at org.springframework.web.filter.OncePerRequestFilter.doFilter(OncePerRequestFilter.java:116)
	at org.springframework.security.web.FilterChainProxy$VirtualFilterChain.doFilter(FilterChainProxy.java:380)
	at org.springframework.security.web.session.DisableEncodeUrlFilter.doFilterInternal(DisableEncodeUrlFilter.java:42)
	at org.springframework.web.filter.OncePerRequestFilter.doFilter(OncePerRequestFilter.java:116)
	at org.springframework.security.web.FilterChainProxy$VirtualFilterChain.doFilter(FilterChainProxy.java:380)
	at org.springframework.security.web.FilterChainProxy.doFilterInternal(FilterChainProxy.java:237)
	at org.springframework.security.web.FilterChainProxy.doFilter(FilterChainProxy.java:195)
	at org.springframework.web.filter.CompositeFilter$VirtualFilterChain.doFilter(CompositeFilter.java:113)
	at org.springframework.web.filter.ServletRequestPathFilter.doFilter(ServletRequestPathFilter.java:52)
	at org.springframework.web.filter.CompositeFilter$VirtualFilterChain.doFilter(CompositeFilter.java:113)
	at org.springframework.web.filter.CompositeFilter.doFilter(CompositeFilter.java:74)
	at org.springframework.security.config.annotation.web.configuration.WebSecurityConfiguration$CompositeFilterChainProxy.doFilter(WebSecurityConfiguration.java:317)
	at org.springframework.web.filter.DelegatingFilterProxy.invokeDelegate(DelegatingFilterProxy.java:355)
	at org.springframework.web.filter.DelegatingFilterProxy.doFilter(DelegatingFilterProxy.java:272)
	at org.apache.catalina.core.ApplicationFilterChain.doFilter(ApplicationFilterChain.java:107)
	at org.springframework.web.filter.RequestContextFilter.doFilterInternal(RequestContextFilter.java:100)
	at org.springframework.web.filter.OncePerRequestFilter.doFilter(OncePerRequestFilter.java:116)
	at org.apache.catalina.core.ApplicationFilterChain.doFilter(ApplicationFilterChain.java:107)
	at org.springframework.web.filter.FormContentFilter.doFilterInternal(FormContentFilter.java:93)
	at org.springframework.web.filter.OncePerRequestFilter.doFilter(OncePerRequestFilter.java:116)
	at org.apache.catalina.core.ApplicationFilterChain.doFilter(ApplicationFilterChain.java:107)
	at org.springframework.web.filter.CharacterEncodingFilter.doFilterInternal(CharacterEncodingFilter.java:199)
	at org.springframework.web.filter.OncePerRequestFilter.doFilter(OncePerRequestFilter.java:116)
	at org.apache.catalina.core.ApplicationFilterChain.doFilter(ApplicationFilterChain.java:107)
	at org.apache.catalina.core.StandardWrapperValve.invoke(StandardWrapperValve.java:165)
	at org.apache.catalina.core.StandardContextValve.invoke(StandardContextValve.java:77)
	at org.apache.catalina.authenticator.AuthenticatorBase.invoke(AuthenticatorBase.java:492)
	at org.apache.catalina.core.StandardHostValve.invoke(StandardHostValve.java:113)
	at org.apache.catalina.valves.ErrorReportValve.invoke(ErrorReportValve.java:83)
	at org.apache.catalina.core.StandardEngineValve.invoke(StandardEngineValve.java:72)
	at org.apache.catalina.connector.CoyoteAdapter.service(CoyoteAdapter.java:341)
	at org.apache.coyote.http11.Http11Processor.service(Http11Processor.java:397)
	at org.apache.coyote.AbstractProcessorLight.process(AbstractProcessorLight.java:63)
	at org.apache.coyote.AbstractProtocol$ConnectionHandler.process(AbstractProtocol.java:903)
	at org.apache.tomcat.util.net.NioEndpoint$SocketProcessor.doRun(NioEndpoint.java:1779)
	at org.apache.tomcat.util.net.SocketProcessorBase.run(SocketProcessorBase.java:52)
	at org.apache.tomcat.util.threads.ThreadPoolExecutor.runWorker(ThreadPoolExecutor.java:946)
	at org.apache.tomcat.util.threads.ThreadPoolExecutor$Worker.run(ThreadPoolExecutor.java:480)
	at org.apache.tomcat.util.threads.TaskThread$WrappingRunnable.run(TaskThread.java:57)
	at java.base/java.lang.Thread.run(Thread.java:1447)
2026-05-23 12:42:51.060 WARN  [39BE9E09][GET][/api/v1/weather/city] o.s.w.s.m.m.a.ExceptionHandlerExceptionResolver - Resolved [com.agroruta.shared.exception.ExternalApiException: Error al consultar OpenWeatherMap: I/O error on GET request for "https://api.openweathermap.org/data/2.5/weather": api.openweathermap.org]
2026-05-23 12:42:51.061 INFO  [39BE9E09][GET][/api/v1/weather/city] com.agroruta.shared.logging.RequestLoggingFilter - ← GET /api/v1/weather/city | status=502 | 10ms
2026-05-23 12:43:01.796 INFO  [02D963BD][GET][/api/v1/weather/city] com.agroruta.shared.logging.RequestLoggingFilter - → GET /api/v1/weather/city
2026-05-23 12:43:01.796 INFO  [8EFC097B][GET][/api/fincas/agricultor/1] com.agroruta.shared.logging.RequestLoggingFilter - → GET /api/fincas/agricultor/1
2026-05-23 12:43:01.799 ERROR [02D963BD][GET][/api/v1/weather/city] c.a.w.infrastructure.external.OpenWeatherAdapter - ✗ fetchWeatherByCity() lanzó ExternalApiException: Error al consultar OpenWeatherMap: I/O error on GET request for "https://api.openweathermap.org/data/2.5/weather": api.openweathermap.org
2026-05-23 12:43:01.799 ERROR [02D963BD][GET][/api/v1/weather/city] com.agroruta.weather.application.WeatherService - ✗ getWeatherByCity() lanzó ExternalApiException: Error al consultar OpenWeatherMap: I/O error on GET request for "https://api.openweathermap.org/data/2.5/weather": api.openweathermap.org
2026-05-23 12:43:01.799 ERROR [02D963BD][GET][/api/v1/weather/city] c.agroruta.shared.exception.GlobalExceptionHandler - [02D963BD] Error en servicio externo en /api/v1/weather/city: Error al consultar OpenWeatherMap: I/O error on GET request for "https://api.openweathermap.org/data/2.5/weather": api.openweathermap.org
com.agroruta.shared.exception.ExternalApiException: Error al consultar OpenWeatherMap: I/O error on GET request for "https://api.openweathermap.org/data/2.5/weather": api.openweathermap.org
	at com.agroruta.weather.infrastructure.external.OpenWeatherAdapter.callApi(OpenWeatherAdapter.java:67)
	at com.agroruta.weather.infrastructure.external.OpenWeatherAdapter.fetchWeatherByCity(OpenWeatherAdapter.java:30)
	at java.base/jdk.internal.reflect.DirectMethodHandleAccessor.invoke(DirectMethodHandleAccessor.java:104)
	at java.base/java.lang.reflect.Method.invoke(Method.java:565)
	at org.springframework.aop.support.AopUtils.invokeJoinpointUsingReflection(AopUtils.java:359)
	at org.springframework.aop.framework.ReflectiveMethodInvocation.invokeJoinpoint(ReflectiveMethodInvocation.java:190)
	at org.springframework.aop.framework.ReflectiveMethodInvocation.proceed(ReflectiveMethodInvocation.java:158)
	at org.springframework.aop.aspectj.MethodInvocationProceedingJoinPoint.proceed(MethodInvocationProceedingJoinPoint.java:82)
	at com.agroruta.shared.logging.LoggingAspect.logMethodExecution(LoggingAspect.java:38)
	at java.base/jdk.internal.reflect.DirectMethodHandleAccessor.invoke(DirectMethodHandleAccessor.java:104)
	at java.base/java.lang.reflect.Method.invoke(Method.java:565)
	at org.springframework.aop.aspectj.AbstractAspectJAdvice.invokeAdviceMethodWithGivenArgs(AbstractAspectJAdvice.java:648)
	at org.springframework.aop.aspectj.AbstractAspectJAdvice.invokeAdviceMethod(AbstractAspectJAdvice.java:630)
	at org.springframework.aop.aspectj.AspectJAroundAdvice.invoke(AspectJAroundAdvice.java:70)
	at org.springframework.aop.framework.ReflectiveMethodInvocation.proceed(ReflectiveMethodInvocation.java:179)
	at org.springframework.aop.interceptor.ExposeInvocationInterceptor.invoke(ExposeInvocationInterceptor.java:96)
	at org.springframework.aop.framework.ReflectiveMethodInvocation.proceed(ReflectiveMethodInvocation.java:179)
	at org.springframework.aop.framework.CglibAopProxy$DynamicAdvisedInterceptor.intercept(CglibAopProxy.java:719)
	at com.agroruta.weather.infrastructure.external.OpenWeatherAdapter$$SpringCGLIB$$0.fetchWeatherByCity(<generated>)
	at com.agroruta.weather.application.WeatherService.getWeatherByCity(WeatherService.java:18)
	at java.base/jdk.internal.reflect.DirectMethodHandleAccessor.invoke(DirectMethodHandleAccessor.java:104)
	at java.base/java.lang.reflect.Method.invoke(Method.java:565)
	at org.springframework.aop.support.AopUtils.invokeJoinpointUsingReflection(AopUtils.java:359)
	at org.springframework.aop.framework.ReflectiveMethodInvocation.invokeJoinpoint(ReflectiveMethodInvocation.java:190)
	at org.springframework.aop.framework.ReflectiveMethodInvocation.proceed(ReflectiveMethodInvocation.java:158)
	at org.springframework.aop.aspectj.MethodInvocationProceedingJoinPoint.proceed(MethodInvocationProceedingJoinPoint.java:82)
	at com.agroruta.shared.logging.LoggingAspect.logMethodExecution(LoggingAspect.java:38)
	at java.base/jdk.internal.reflect.DirectMethodHandleAccessor.invoke(DirectMethodHandleAccessor.java:104)
	at java.base/java.lang.reflect.Method.invoke(Method.java:565)
	at org.springframework.aop.aspectj.AbstractAspectJAdvice.invokeAdviceMethodWithGivenArgs(AbstractAspectJAdvice.java:648)
	at org.springframework.aop.aspectj.AbstractAspectJAdvice.invokeAdviceMethod(AbstractAspectJAdvice.java:630)
	at org.springframework.aop.aspectj.AspectJAroundAdvice.invoke(AspectJAroundAdvice.java:70)
	at org.springframework.aop.framework.ReflectiveMethodInvocation.proceed(ReflectiveMethodInvocation.java:179)
	at org.springframework.aop.interceptor.ExposeInvocationInterceptor.invoke(ExposeInvocationInterceptor.java:96)
	at org.springframework.aop.framework.ReflectiveMethodInvocation.proceed(ReflectiveMethodInvocation.java:179)
	at org.springframework.aop.framework.CglibAopProxy$DynamicAdvisedInterceptor.intercept(CglibAopProxy.java:719)
	at com.agroruta.weather.application.WeatherService$$SpringCGLIB$$0.getWeatherByCity(<generated>)
	at com.agroruta.weather.infrastructure.web.WeatherController.getByCity(WeatherController.java:19)
	at java.base/jdk.internal.reflect.DirectMethodHandleAccessor.invoke(DirectMethodHandleAccessor.java:104)
	at java.base/java.lang.reflect.Method.invoke(Method.java:565)
	at org.springframework.web.method.support.InvocableHandlerMethod.doInvoke(InvocableHandlerMethod.java:252)
	at org.springframework.web.method.support.InvocableHandlerMethod.invokeForRequest(InvocableHandlerMethod.java:184)
	at org.springframework.web.servlet.mvc.method.annotation.ServletInvocableHandlerMethod.invokeAndHandle(ServletInvocableHandlerMethod.java:117)
	at org.springframework.web.servlet.mvc.method.annotation.RequestMappingHandlerAdapter.invokeHandlerMethod(RequestMappingHandlerAdapter.java:934)
	at org.springframework.web.servlet.mvc.method.annotation.RequestMappingHandlerAdapter.handleInternal(RequestMappingHandlerAdapter.java:853)
	at org.springframework.web.servlet.mvc.method.AbstractHandlerMethodAdapter.handle(AbstractHandlerMethodAdapter.java:86)
	at org.springframework.web.servlet.DispatcherServlet.doDispatch(DispatcherServlet.java:963)
	at org.springframework.web.servlet.DispatcherServlet.doService(DispatcherServlet.java:866)
	at org.springframework.web.servlet.FrameworkServlet.processRequest(FrameworkServlet.java:1000)
	at org.springframework.web.servlet.FrameworkServlet.doGet(FrameworkServlet.java:892)
	at jakarta.servlet.http.HttpServlet.service(HttpServlet.java:622)
	at org.springframework.web.servlet.FrameworkServlet.service(FrameworkServlet.java:874)
	at jakarta.servlet.http.HttpServlet.service(HttpServlet.java:710)
	at org.apache.catalina.core.ApplicationFilterChain.doFilter(ApplicationFilterChain.java:128)
	at org.apache.tomcat.websocket.server.WsFilter.doFilter(WsFilter.java:53)
	at org.apache.catalina.core.ApplicationFilterChain.doFilter(ApplicationFilterChain.java:107)
	at org.springframework.web.filter.CorsFilter.doFilterInternal(CorsFilter.java:91)
	at org.springframework.web.filter.OncePerRequestFilter.doFilter(OncePerRequestFilter.java:116)
	at org.apache.catalina.core.ApplicationFilterChain.doFilter(ApplicationFilterChain.java:107)
	at org.springframework.web.filter.OncePerRequestFilter.doFilter(OncePerRequestFilter.java:110)
	at org.apache.catalina.core.ApplicationFilterChain.doFilter(ApplicationFilterChain.java:107)
	at com.agroruta.shared.logging.RequestLoggingFilter.doFilter(RequestLoggingFilter.java:48)
	at org.apache.catalina.core.ApplicationFilterChain.doFilter(ApplicationFilterChain.java:107)
	at org.springframework.web.filter.CompositeFilter$VirtualFilterChain.doFilter(CompositeFilter.java:108)
	at org.springframework.security.web.FilterChainProxy.lambda$doFilterInternal$3(FilterChainProxy.java:235)
	at org.springframework.security.web.FilterChainProxy$VirtualFilterChain.doFilter(FilterChainProxy.java:371)
	at org.springframework.security.web.access.intercept.AuthorizationFilter.doFilter(AuthorizationFilter.java:101)
	at org.springframework.security.web.FilterChainProxy$VirtualFilterChain.doFilter(FilterChainProxy.java:380)
	at org.springframework.security.web.access.ExceptionTranslationFilter.doFilter(ExceptionTranslationFilter.java:126)
	at org.springframework.security.web.access.ExceptionTranslationFilter.doFilter(ExceptionTranslationFilter.java:120)
	at org.springframework.security.web.FilterChainProxy$VirtualFilterChain.doFilter(FilterChainProxy.java:380)
	at org.springframework.security.web.session.SessionManagementFilter.doFilter(SessionManagementFilter.java:132)
	at org.springframework.security.web.session.SessionManagementFilter.doFilter(SessionManagementFilter.java:86)
	at org.springframework.security.web.FilterChainProxy$VirtualFilterChain.doFilter(FilterChainProxy.java:380)
	at org.springframework.security.web.authentication.AnonymousAuthenticationFilter.doFilter(AnonymousAuthenticationFilter.java:100)
	at org.springframework.security.web.FilterChainProxy$VirtualFilterChain.doFilter(FilterChainProxy.java:380)
	at org.springframework.security.web.servletapi.SecurityContextHolderAwareRequestFilter.doFilter(SecurityContextHolderAwareRequestFilter.java:181)
	at org.springframework.security.web.FilterChainProxy$VirtualFilterChain.doFilter(FilterChainProxy.java:380)
	at org.springframework.security.web.savedrequest.RequestCacheAwareFilter.doFilter(RequestCacheAwareFilter.java:63)
	at org.springframework.security.web.FilterChainProxy$VirtualFilterChain.doFilter(FilterChainProxy.java:380)
	at com.agroruta.shared.security.JwtAuthenticationFilter.doFilterInternal(JwtAuthenticationFilter.java:81)
	at org.springframework.web.filter.OncePerRequestFilter.doFilter(OncePerRequestFilter.java:116)
	at org.springframework.security.web.FilterChainProxy$VirtualFilterChain.doFilter(FilterChainProxy.java:380)
	at org.springframework.security.web.authentication.logout.LogoutFilter.doFilter(LogoutFilter.java:110)
	at org.springframework.security.web.authentication.logout.LogoutFilter.doFilter(LogoutFilter.java:96)
	at org.springframework.security.web.FilterChainProxy$VirtualFilterChain.doFilter(FilterChainProxy.java:380)
	at org.springframework.web.filter.CorsFilter.doFilterInternal(CorsFilter.java:91)
	at org.springframework.web.filter.OncePerRequestFilter.doFilter(OncePerRequestFilter.java:116)
	at org.springframework.security.web.FilterChainProxy$VirtualFilterChain.doFilter(FilterChainProxy.java:380)
	at org.springframework.security.web.header.HeaderWriterFilter.doHeadersAfter(HeaderWriterFilter.java:90)
	at org.springframework.security.web.header.HeaderWriterFilter.doFilterInternal(HeaderWriterFilter.java:75)
	at org.springframework.web.filter.OncePerRequestFilter.doFilter(OncePerRequestFilter.java:116)
	at org.springframework.security.web.FilterChainProxy$VirtualFilterChain.doFilter(FilterChainProxy.java:380)
	at org.springframework.security.web.context.SecurityContextHolderFilter.doFilter(SecurityContextHolderFilter.java:82)
	at org.springframework.security.web.context.SecurityContextHolderFilter.doFilter(SecurityContextHolderFilter.java:69)
	at org.springframework.security.web.FilterChainProxy$VirtualFilterChain.doFilter(FilterChainProxy.java:380)
	at org.springframework.security.web.context.request.async.WebAsyncManagerIntegrationFilter.doFilterInternal(WebAsyncManagerIntegrationFilter.java:62)
	at org.springframework.web.filter.OncePerRequestFilter.doFilter(OncePerRequestFilter.java:116)
	at org.springframework.security.web.FilterChainProxy$VirtualFilterChain.doFilter(FilterChainProxy.java:380)
	at org.springframework.security.web.session.DisableEncodeUrlFilter.doFilterInternal(DisableEncodeUrlFilter.java:42)
	at org.springframework.web.filter.OncePerRequestFilter.doFilter(OncePerRequestFilter.java:116)
	at org.springframework.security.web.FilterChainProxy$VirtualFilterChain.doFilter(FilterChainProxy.java:380)
	at org.springframework.security.web.FilterChainProxy.doFilterInternal(FilterChainProxy.java:237)
	at org.springframework.security.web.FilterChainProxy.doFilter(FilterChainProxy.java:195)
	at org.springframework.web.filter.CompositeFilter$VirtualFilterChain.doFilter(CompositeFilter.java:113)
	at org.springframework.web.filter.ServletRequestPathFilter.doFilter(ServletRequestPathFilter.java:52)
	at org.springframework.web.filter.CompositeFilter$VirtualFilterChain.doFilter(CompositeFilter.java:113)
	at org.springframework.web.filter.CompositeFilter.doFilter(CompositeFilter.java:74)
	at org.springframework.security.config.annotation.web.configuration.WebSecurityConfiguration$CompositeFilterChainProxy.doFilter(WebSecurityConfiguration.java:317)
	at org.springframework.web.filter.DelegatingFilterProxy.invokeDelegate(DelegatingFilterProxy.java:355)
	at org.springframework.web.filter.DelegatingFilterProxy.doFilter(DelegatingFilterProxy.java:272)
	at org.apache.catalina.core.ApplicationFilterChain.doFilter(ApplicationFilterChain.java:107)
	at org.springframework.web.filter.RequestContextFilter.doFilterInternal(RequestContextFilter.java:100)
	at org.springframework.web.filter.OncePerRequestFilter.doFilter(OncePerRequestFilter.java:116)
	at org.apache.catalina.core.ApplicationFilterChain.doFilter(ApplicationFilterChain.java:107)
	at org.springframework.web.filter.FormContentFilter.doFilterInternal(FormContentFilter.java:93)
	at org.springframework.web.filter.OncePerRequestFilter.doFilter(OncePerRequestFilter.java:116)
	at org.apache.catalina.core.ApplicationFilterChain.doFilter(ApplicationFilterChain.java:107)
	at org.springframework.web.filter.CharacterEncodingFilter.doFilterInternal(CharacterEncodingFilter.java:199)
	at org.springframework.web.filter.OncePerRequestFilter.doFilter(OncePerRequestFilter.java:116)
	at org.apache.catalina.core.ApplicationFilterChain.doFilter(ApplicationFilterChain.java:107)
	at org.apache.catalina.core.StandardWrapperValve.invoke(StandardWrapperValve.java:165)
	at org.apache.catalina.core.StandardContextValve.invoke(StandardContextValve.java:77)
	at org.apache.catalina.authenticator.AuthenticatorBase.invoke(AuthenticatorBase.java:492)
	at org.apache.catalina.core.StandardHostValve.invoke(StandardHostValve.java:113)
	at org.apache.catalina.valves.ErrorReportValve.invoke(ErrorReportValve.java:83)
	at org.apache.catalina.core.StandardEngineValve.invoke(StandardEngineValve.java:72)
	at org.apache.catalina.connector.CoyoteAdapter.service(CoyoteAdapter.java:341)
	at org.apache.coyote.http11.Http11Processor.service(Http11Processor.java:397)
	at org.apache.coyote.AbstractProcessorLight.process(AbstractProcessorLight.java:63)
	at org.apache.coyote.AbstractProtocol$ConnectionHandler.process(AbstractProtocol.java:903)
	at org.apache.tomcat.util.net.NioEndpoint$SocketProcessor.doRun(NioEndpoint.java:1779)
	at org.apache.tomcat.util.net.SocketProcessorBase.run(SocketProcessorBase.java:52)
	at org.apache.tomcat.util.threads.ThreadPoolExecutor.runWorker(ThreadPoolExecutor.java:946)
	at org.apache.tomcat.util.threads.ThreadPoolExecutor$Worker.run(ThreadPoolExecutor.java:480)
	at org.apache.tomcat.util.threads.TaskThread$WrappingRunnable.run(TaskThread.java:57)
	at java.base/java.lang.Thread.run(Thread.java:1447)
2026-05-23 12:43:01.802 WARN  [02D963BD][GET][/api/v1/weather/city] o.s.w.s.m.m.a.ExceptionHandlerExceptionResolver - Resolved [com.agroruta.shared.exception.ExternalApiException: Error al consultar OpenWeatherMap: I/O error on GET request for "https://api.openweathermap.org/data/2.5/weather": api.openweathermap.org]
2026-05-23 12:43:01.802 INFO  [02D963BD][GET][/api/v1/weather/city] com.agroruta.shared.logging.RequestLoggingFilter - ← GET /api/v1/weather/city | status=502 | 6ms
2026-05-23 12:43:01.802 INFO  [8EFC097B][GET][/api/fincas/agricultor/1] com.agroruta.shared.logging.RequestLoggingFilter - ← GET /api/fincas/agricultor/1 | status=200 | 6ms
2026-05-23 12:43:01.815 INFO  [1581B177][GET][/api/lotes/finca/11] com.agroruta.shared.logging.RequestLoggingFilter - → GET /api/lotes/finca/11
2026-05-23 12:43:01.815 INFO  [54ECD29A][GET][/api/lotes/finca/10] com.agroruta.shared.logging.RequestLoggingFilter - → GET /api/lotes/finca/10
2026-05-23 12:43:01.829 INFO  [1581B177][GET][/api/lotes/finca/11] com.agroruta.shared.logging.RequestLoggingFilter - ← GET /api/lotes/finca/11 | status=200 | 14ms
2026-05-23 12:43:01.830 INFO  [54ECD29A][GET][/api/lotes/finca/10] com.agroruta.shared.logging.RequestLoggingFilter - ← GET /api/lotes/finca/10 | status=200 | 15ms
2026-05-23 12:43:06.985 INFO  [A3C9453F][GET][/api/v1/weather/city] com.agroruta.shared.logging.RequestLoggingFilter - → GET /api/v1/weather/city
2026-05-23 12:43:06.985 INFO  [E0F3EE27][GET][/api/fincas/agricultor/1] com.agroruta.shared.logging.RequestLoggingFilter - → GET /api/fincas/agricultor/1
2026-05-23 12:43:06.987 ERROR [A3C9453F][GET][/api/v1/weather/city] c.a.w.infrastructure.external.OpenWeatherAdapter - ✗ fetchWeatherByCity() lanzó ExternalApiException: Error al consultar OpenWeatherMap: I/O error on GET request for "https://api.openweathermap.org/data/2.5/weather": api.openweathermap.org
2026-05-23 12:43:06.988 ERROR [A3C9453F][GET][/api/v1/weather/city] com.agroruta.weather.application.WeatherService - ✗ getWeatherByCity() lanzó ExternalApiException: Error al consultar OpenWeatherMap: I/O error on GET request for "https://api.openweathermap.org/data/2.5/weather": api.openweathermap.org
2026-05-23 12:43:06.989 ERROR [A3C9453F][GET][/api/v1/weather/city] c.agroruta.shared.exception.GlobalExceptionHandler - [A3C9453F] Error en servicio externo en /api/v1/weather/city: Error al consultar OpenWeatherMap: I/O error on GET request for "https://api.openweathermap.org/data/2.5/weather": api.openweathermap.org
com.agroruta.shared.exception.ExternalApiException: Error al consultar OpenWeatherMap: I/O error on GET request for "https://api.openweathermap.org/data/2.5/weather": api.openweathermap.org
	at com.agroruta.weather.infrastructure.external.OpenWeatherAdapter.callApi(OpenWeatherAdapter.java:67)
	at com.agroruta.weather.infrastructure.external.OpenWeatherAdapter.fetchWeatherByCity(OpenWeatherAdapter.java:30)
	at java.base/jdk.internal.reflect.DirectMethodHandleAccessor.invoke(DirectMethodHandleAccessor.java:104)
	at java.base/java.lang.reflect.Method.invoke(Method.java:565)
	at org.springframework.aop.support.AopUtils.invokeJoinpointUsingReflection(AopUtils.java:359)
	at org.springframework.aop.framework.ReflectiveMethodInvocation.invokeJoinpoint(ReflectiveMethodInvocation.java:190)
	at org.springframework.aop.framework.ReflectiveMethodInvocation.proceed(ReflectiveMethodInvocation.java:158)
	at org.springframework.aop.aspectj.MethodInvocationProceedingJoinPoint.proceed(MethodInvocationProceedingJoinPoint.java:82)
	at com.agroruta.shared.logging.LoggingAspect.logMethodExecution(LoggingAspect.java:38)
	at java.base/jdk.internal.reflect.DirectMethodHandleAccessor.invoke(DirectMethodHandleAccessor.java:104)
	at java.base/java.lang.reflect.Method.invoke(Method.java:565)
	at org.springframework.aop.aspectj.AbstractAspectJAdvice.invokeAdviceMethodWithGivenArgs(AbstractAspectJAdvice.java:648)
	at org.springframework.aop.aspectj.AbstractAspectJAdvice.invokeAdviceMethod(AbstractAspectJAdvice.java:630)
	at org.springframework.aop.aspectj.AspectJAroundAdvice.invoke(AspectJAroundAdvice.java:70)
	at org.springframework.aop.framework.ReflectiveMethodInvocation.proceed(ReflectiveMethodInvocation.java:179)
	at org.springframework.aop.interceptor.ExposeInvocationInterceptor.invoke(ExposeInvocationInterceptor.java:96)
	at org.springframework.aop.framework.ReflectiveMethodInvocation.proceed(ReflectiveMethodInvocation.java:179)
	at org.springframework.aop.framework.CglibAopProxy$DynamicAdvisedInterceptor.intercept(CglibAopProxy.java:719)
	at com.agroruta.weather.infrastructure.external.OpenWeatherAdapter$$SpringCGLIB$$0.fetchWeatherByCity(<generated>)
	at com.agroruta.weather.application.WeatherService.getWeatherByCity(WeatherService.java:18)
	at java.base/jdk.internal.reflect.DirectMethodHandleAccessor.invoke(DirectMethodHandleAccessor.java:104)
	at java.base/java.lang.reflect.Method.invoke(Method.java:565)
	at org.springframework.aop.support.AopUtils.invokeJoinpointUsingReflection(AopUtils.java:359)
	at org.springframework.aop.framework.ReflectiveMethodInvocation.invokeJoinpoint(ReflectiveMethodInvocation.java:190)
	at org.springframework.aop.framework.ReflectiveMethodInvocation.proceed(ReflectiveMethodInvocation.java:158)
	at org.springframework.aop.aspectj.MethodInvocationProceedingJoinPoint.proceed(MethodInvocationProceedingJoinPoint.java:82)
	at com.agroruta.shared.logging.LoggingAspect.logMethodExecution(LoggingAspect.java:38)
	at java.base/jdk.internal.reflect.DirectMethodHandleAccessor.invoke(DirectMethodHandleAccessor.java:104)
	at java.base/java.lang.reflect.Method.invoke(Method.java:565)
	at org.springframework.aop.aspectj.AbstractAspectJAdvice.invokeAdviceMethodWithGivenArgs(AbstractAspectJAdvice.java:648)
	at org.springframework.aop.aspectj.AbstractAspectJAdvice.invokeAdviceMethod(AbstractAspectJAdvice.java:630)
	at org.springframework.aop.aspectj.AspectJAroundAdvice.invoke(AspectJAroundAdvice.java:70)
	at org.springframework.aop.framework.ReflectiveMethodInvocation.proceed(ReflectiveMethodInvocation.java:179)
	at org.springframework.aop.interceptor.ExposeInvocationInterceptor.invoke(ExposeInvocationInterceptor.java:96)
	at org.springframework.aop.framework.ReflectiveMethodInvocation.proceed(ReflectiveMethodInvocation.java:179)
	at org.springframework.aop.framework.CglibAopProxy$DynamicAdvisedInterceptor.intercept(CglibAopProxy.java:719)
	at com.agroruta.weather.application.WeatherService$$SpringCGLIB$$0.getWeatherByCity(<generated>)
	at com.agroruta.weather.infrastructure.web.WeatherController.getByCity(WeatherController.java:19)
	at java.base/jdk.internal.reflect.DirectMethodHandleAccessor.invoke(DirectMethodHandleAccessor.java:104)
	at java.base/java.lang.reflect.Method.invoke(Method.java:565)
	at org.springframework.web.method.support.InvocableHandlerMethod.doInvoke(InvocableHandlerMethod.java:252)
	at org.springframework.web.method.support.InvocableHandlerMethod.invokeForRequest(InvocableHandlerMethod.java:184)
	at org.springframework.web.servlet.mvc.method.annotation.ServletInvocableHandlerMethod.invokeAndHandle(ServletInvocableHandlerMethod.java:117)
	at org.springframework.web.servlet.mvc.method.annotation.RequestMappingHandlerAdapter.invokeHandlerMethod(RequestMappingHandlerAdapter.java:934)
	at org.springframework.web.servlet.mvc.method.annotation.RequestMappingHandlerAdapter.handleInternal(RequestMappingHandlerAdapter.java:853)
	at org.springframework.web.servlet.mvc.method.AbstractHandlerMethodAdapter.handle(AbstractHandlerMethodAdapter.java:86)
	at org.springframework.web.servlet.DispatcherServlet.doDispatch(DispatcherServlet.java:963)
	at org.springframework.web.servlet.DispatcherServlet.doService(DispatcherServlet.java:866)
	at org.springframework.web.servlet.FrameworkServlet.processRequest(FrameworkServlet.java:1000)
	at org.springframework.web.servlet.FrameworkServlet.doGet(FrameworkServlet.java:892)
	at jakarta.servlet.http.HttpServlet.service(HttpServlet.java:622)
	at org.springframework.web.servlet.FrameworkServlet.service(FrameworkServlet.java:874)
	at jakarta.servlet.http.HttpServlet.service(HttpServlet.java:710)
	at org.apache.catalina.core.ApplicationFilterChain.doFilter(ApplicationFilterChain.java:128)
	at org.apache.tomcat.websocket.server.WsFilter.doFilter(WsFilter.java:53)
	at org.apache.catalina.core.ApplicationFilterChain.doFilter(ApplicationFilterChain.java:107)
	at org.springframework.web.filter.CorsFilter.doFilterInternal(CorsFilter.java:91)
	at org.springframework.web.filter.OncePerRequestFilter.doFilter(OncePerRequestFilter.java:116)
	at org.apache.catalina.core.ApplicationFilterChain.doFilter(ApplicationFilterChain.java:107)
	at org.springframework.web.filter.OncePerRequestFilter.doFilter(OncePerRequestFilter.java:110)
	at org.apache.catalina.core.ApplicationFilterChain.doFilter(ApplicationFilterChain.java:107)
	at com.agroruta.shared.logging.RequestLoggingFilter.doFilter(RequestLoggingFilter.java:48)
	at org.apache.catalina.core.ApplicationFilterChain.doFilter(ApplicationFilterChain.java:107)
	at org.springframework.web.filter.CompositeFilter$VirtualFilterChain.doFilter(CompositeFilter.java:108)
	at org.springframework.security.web.FilterChainProxy.lambda$doFilterInternal$3(FilterChainProxy.java:235)
	at org.springframework.security.web.FilterChainProxy$VirtualFilterChain.doFilter(FilterChainProxy.java:371)
	at org.springframework.security.web.access.intercept.AuthorizationFilter.doFilter(AuthorizationFilter.java:101)
	at org.springframework.security.web.FilterChainProxy$VirtualFilterChain.doFilter(FilterChainProxy.java:380)
	at org.springframework.security.web.access.ExceptionTranslationFilter.doFilter(ExceptionTranslationFilter.java:126)
	at org.springframework.security.web.access.ExceptionTranslationFilter.doFilter(ExceptionTranslationFilter.java:120)
	at org.springframework.security.web.FilterChainProxy$VirtualFilterChain.doFilter(FilterChainProxy.java:380)
	at org.springframework.security.web.session.SessionManagementFilter.doFilter(SessionManagementFilter.java:132)
	at org.springframework.security.web.session.SessionManagementFilter.doFilter(SessionManagementFilter.java:86)
	at org.springframework.security.web.FilterChainProxy$VirtualFilterChain.doFilter(FilterChainProxy.java:380)
	at org.springframework.security.web.authentication.AnonymousAuthenticationFilter.doFilter(AnonymousAuthenticationFilter.java:100)
	at org.springframework.security.web.FilterChainProxy$VirtualFilterChain.doFilter(FilterChainProxy.java:380)
	at org.springframework.security.web.servletapi.SecurityContextHolderAwareRequestFilter.doFilter(SecurityContextHolderAwareRequestFilter.java:181)
	at org.springframework.security.web.FilterChainProxy$VirtualFilterChain.doFilter(FilterChainProxy.java:380)
	at org.springframework.security.web.savedrequest.RequestCacheAwareFilter.doFilter(RequestCacheAwareFilter.java:63)
	at org.springframework.security.web.FilterChainProxy$VirtualFilterChain.doFilter(FilterChainProxy.java:380)
	at com.agroruta.shared.security.JwtAuthenticationFilter.doFilterInternal(JwtAuthenticationFilter.java:81)
	at org.springframework.web.filter.OncePerRequestFilter.doFilter(OncePerRequestFilter.java:116)
	at org.springframework.security.web.FilterChainProxy$VirtualFilterChain.doFilter(FilterChainProxy.java:380)
	at org.springframework.security.web.authentication.logout.LogoutFilter.doFilter(LogoutFilter.java:110)
	at org.springframework.security.web.authentication.logout.LogoutFilter.doFilter(LogoutFilter.java:96)
	at org.springframework.security.web.FilterChainProxy$VirtualFilterChain.doFilter(FilterChainProxy.java:380)
	at org.springframework.web.filter.CorsFilter.doFilterInternal(CorsFilter.java:91)
	at org.springframework.web.filter.OncePerRequestFilter.doFilter(OncePerRequestFilter.java:116)
	at org.springframework.security.web.FilterChainProxy$VirtualFilterChain.doFilter(FilterChainProxy.java:380)
	at org.springframework.security.web.header.HeaderWriterFilter.doHeadersAfter(HeaderWriterFilter.java:90)
	at org.springframework.security.web.header.HeaderWriterFilter.doFilterInternal(HeaderWriterFilter.java:75)
	at org.springframework.web.filter.OncePerRequestFilter.doFilter(OncePerRequestFilter.java:116)
	at org.springframework.security.web.FilterChainProxy$VirtualFilterChain.doFilter(FilterChainProxy.java:380)
	at org.springframework.security.web.context.SecurityContextHolderFilter.doFilter(SecurityContextHolderFilter.java:82)
	at org.springframework.security.web.context.SecurityContextHolderFilter.doFilter(SecurityContextHolderFilter.java:69)
	at org.springframework.security.web.FilterChainProxy$VirtualFilterChain.doFilter(FilterChainProxy.java:380)
	at org.springframework.security.web.context.request.async.WebAsyncManagerIntegrationFilter.doFilterInternal(WebAsyncManagerIntegrationFilter.java:62)
	at org.springframework.web.filter.OncePerRequestFilter.doFilter(OncePerRequestFilter.java:116)
	at org.springframework.security.web.FilterChainProxy$VirtualFilterChain.doFilter(FilterChainProxy.java:380)
	at org.springframework.security.web.session.DisableEncodeUrlFilter.doFilterInternal(DisableEncodeUrlFilter.java:42)
	at org.springframework.web.filter.OncePerRequestFilter.doFilter(OncePerRequestFilter.java:116)
	at org.springframework.security.web.FilterChainProxy$VirtualFilterChain.doFilter(FilterChainProxy.java:380)
	at org.springframework.security.web.FilterChainProxy.doFilterInternal(FilterChainProxy.java:237)
	at org.springframework.security.web.FilterChainProxy.doFilter(FilterChainProxy.java:195)
	at org.springframework.web.filter.CompositeFilter$VirtualFilterChain.doFilter(CompositeFilter.java:113)
	at org.springframework.web.filter.ServletRequestPathFilter.doFilter(ServletRequestPathFilter.java:52)
	at org.springframework.web.filter.CompositeFilter$VirtualFilterChain.doFilter(CompositeFilter.java:113)
	at org.springframework.web.filter.CompositeFilter.doFilter(CompositeFilter.java:74)
	at org.springframework.security.config.annotation.web.configuration.WebSecurityConfiguration$CompositeFilterChainProxy.doFilter(WebSecurityConfiguration.java:317)
	at org.springframework.web.filter.DelegatingFilterProxy.invokeDelegate(DelegatingFilterProxy.java:355)
	at org.springframework.web.filter.DelegatingFilterProxy.doFilter(DelegatingFilterProxy.java:272)
	at org.apache.catalina.core.ApplicationFilterChain.doFilter(ApplicationFilterChain.java:107)
	at org.springframework.web.filter.RequestContextFilter.doFilterInternal(RequestContextFilter.java:100)
	at org.springframework.web.filter.OncePerRequestFilter.doFilter(OncePerRequestFilter.java:116)
	at org.apache.catalina.core.ApplicationFilterChain.doFilter(ApplicationFilterChain.java:107)
	at org.springframework.web.filter.FormContentFilter.doFilterInternal(FormContentFilter.java:93)
	at org.springframework.web.filter.OncePerRequestFilter.doFilter(OncePerRequestFilter.java:116)
	at org.apache.catalina.core.ApplicationFilterChain.doFilter(ApplicationFilterChain.java:107)
	at org.springframework.web.filter.CharacterEncodingFilter.doFilterInternal(CharacterEncodingFilter.java:199)
	at org.springframework.web.filter.OncePerRequestFilter.doFilter(OncePerRequestFilter.java:116)
	at org.apache.catalina.core.ApplicationFilterChain.doFilter(ApplicationFilterChain.java:107)
	at org.apache.catalina.core.StandardWrapperValve.invoke(StandardWrapperValve.java:165)
	at org.apache.catalina.core.StandardContextValve.invoke(StandardContextValve.java:77)
	at org.apache.catalina.authenticator.AuthenticatorBase.invoke(AuthenticatorBase.java:492)
	at org.apache.catalina.core.StandardHostValve.invoke(StandardHostValve.java:113)
	at org.apache.catalina.valves.ErrorReportValve.invoke(ErrorReportValve.java:83)
	at org.apache.catalina.core.StandardEngineValve.invoke(StandardEngineValve.java:72)
	at org.apache.catalina.connector.CoyoteAdapter.service(CoyoteAdapter.java:341)
	at org.apache.coyote.http11.Http11Processor.service(Http11Processor.java:397)
	at org.apache.coyote.AbstractProcessorLight.process(AbstractProcessorLight.java:63)
	at org.apache.coyote.AbstractProtocol$ConnectionHandler.process(AbstractProtocol.java:903)
	at org.apache.tomcat.util.net.NioEndpoint$SocketProcessor.doRun(NioEndpoint.java:1779)
	at org.apache.tomcat.util.net.SocketProcessorBase.run(SocketProcessorBase.java:52)
	at org.apache.tomcat.util.threads.ThreadPoolExecutor.runWorker(ThreadPoolExecutor.java:946)
	at org.apache.tomcat.util.threads.ThreadPoolExecutor$Worker.run(ThreadPoolExecutor.java:480)
	at org.apache.tomcat.util.threads.TaskThread$WrappingRunnable.run(TaskThread.java:57)
	at java.base/java.lang.Thread.run(Thread.java:1447)
2026-05-23 12:43:06.991 WARN  [A3C9453F][GET][/api/v1/weather/city] o.s.w.s.m.m.a.ExceptionHandlerExceptionResolver - Resolved [com.agroruta.shared.exception.ExternalApiException: Error al consultar OpenWeatherMap: I/O error on GET request for "https://api.openweathermap.org/data/2.5/weather": api.openweathermap.org]
2026-05-23 12:43:06.992 INFO  [A3C9453F][GET][/api/v1/weather/city] com.agroruta.shared.logging.RequestLoggingFilter - ← GET /api/v1/weather/city | status=502 | 7ms
2026-05-23 12:43:06.994 INFO  [E0F3EE27][GET][/api/fincas/agricultor/1] com.agroruta.shared.logging.RequestLoggingFilter - ← GET /api/fincas/agricultor/1 | status=200 | 9ms
2026-05-23 12:43:07.005 INFO  [73EC1BCD][GET][/api/lotes/finca/10] com.agroruta.shared.logging.RequestLoggingFilter - → GET /api/lotes/finca/10
2026-05-23 12:43:07.005 INFO  [AE037191][GET][/api/lotes/finca/11] com.agroruta.shared.logging.RequestLoggingFilter - → GET /api/lotes/finca/11
2026-05-23 12:43:07.018 INFO  [AE037191][GET][/api/lotes/finca/11] com.agroruta.shared.logging.RequestLoggingFilter - ← GET /api/lotes/finca/11 | status=200 | 13ms
2026-05-23 12:43:07.018 INFO  [73EC1BCD][GET][/api/lotes/finca/10] com.agroruta.shared.logging.RequestLoggingFilter - ← GET /api/lotes/finca/10 | status=200 | 13ms
2026-05-23 12:43:17.464 INFO  [][][] org.springframework.boot.tomcat.GracefulShutdown - Commencing graceful shutdown. Waiting for active requests to complete
2026-05-23 12:43:17.470 INFO  [][][] org.springframework.boot.tomcat.GracefulShutdown - Graceful shutdown complete
2026-05-23 12:43:17.477 INFO  [][][] o.s.orm.jpa.LocalContainerEntityManagerFactoryBean - Closing JPA EntityManagerFactory for persistence unit 'default'
2026-05-23 12:43:17.481 INFO  [][][] com.zaxxer.hikari.HikariDataSource - HikariPool-1 - Shutdown initiated...
2026-05-23 12:43:17.488 INFO  [][][] com.zaxxer.hikari.HikariDataSource - HikariPool-1 - Shutdown completed.
2026-05-23 12:43:20.499 INFO  [][][] com.agroruta.AgrorutaApplication - Starting AgrorutaApplication using Java 24 with PID 10824 (C:\Users\brayi\Documents\AgroRuta-Backend\target\classes started by brayi in C:\Users\brayi\Documents\AgroRuta-Backend)
2026-05-23 12:43:20.503 INFO  [][][] com.agroruta.AgrorutaApplication - No active profile set, falling back to 1 default profile: "default"
2026-05-23 12:43:20.568 INFO  [][][] o.s.b.d.env.DevToolsPropertyDefaultsPostProcessor - Devtools property defaults active! Set 'spring.devtools.add-properties' to 'false' to disable
2026-05-23 12:43:20.568 INFO  [][][] o.s.b.d.env.DevToolsPropertyDefaultsPostProcessor - For additional web related logging consider setting the 'logging.level.web' property to 'DEBUG'
2026-05-23 12:43:20.981 INFO  [][][] org.hibernate.validator.internal.util.Version - HV000001: Hibernate Validator 9.0.1.Final
2026-05-23 12:43:23.371 INFO  [][][] o.s.d.r.config.RepositoryConfigurationDelegate - Bootstrapping Spring Data JPA repositories in DEFAULT mode.
2026-05-23 12:43:23.832 INFO  [][][] o.s.d.r.config.RepositoryConfigurationDelegate - Finished Spring Data repository scanning in 444 ms. Found 14 JPA repository interfaces.
2026-05-23 12:43:26.619 INFO  [][][] org.springframework.boot.tomcat.TomcatWebServer - Tomcat initialized with port 8080 (http)
2026-05-23 12:43:26.650 INFO  [][][] org.apache.coyote.http11.Http11NioProtocol - Initializing ProtocolHandler ["http-nio-8080"]
2026-05-23 12:43:26.654 INFO  [][][] org.apache.catalina.core.StandardService - Starting service [Tomcat]
2026-05-23 12:43:26.654 INFO  [][][] org.apache.catalina.core.StandardEngine - Starting Servlet engine: [Apache Tomcat/11.0.18]
2026-05-23 12:43:26.887 INFO  [][][] o.s.b.w.c.servlet.WebApplicationContextInitializer - Root WebApplicationContext: initialization completed in 6317 ms
2026-05-23 12:43:27.846 INFO  [][][] org.hibernate.orm.jpa - HHH008540: Processing PersistenceUnitInfo [name: default]
2026-05-23 12:43:27.996 INFO  [][][] org.hibernate.orm.core - HHH000001: Hibernate ORM core version 7.2.4.Final
2026-05-23 12:43:28.896 INFO  [][][] o.s.o.j.persistenceunit.SpringPersistenceUnitInfo - No LoadTimeWeaver setup: ignoring JPA class transformer
2026-05-23 12:43:28.982 INFO  [][][] com.zaxxer.hikari.HikariDataSource - HikariPool-1 - Starting...
2026-05-23 12:43:29.801 INFO  [][][] com.zaxxer.hikari.pool.HikariPool - HikariPool-1 - Added connection com.mysql.cj.jdbc.ConnectionImpl@3406fbc8
2026-05-23 12:43:29.805 INFO  [][][] com.zaxxer.hikari.HikariDataSource - HikariPool-1 - Start completed.
2026-05-23 12:43:29.984 INFO  [][][] org.hibernate.orm.connections.pooling - HHH10001005: Database info:
	Database JDBC URL [jdbc:mysql://localhost:3306/agroruta_db]
	Database driver: MySQL Connector/J
	Database dialect: MySQLDialect
	Database version: 8.0.46
	Default catalog/schema: agroruta_db/undefined
	Autocommit mode: undefined/unknown
	Isolation level: REPEATABLE_READ [default REPEATABLE_READ]
	JDBC fetch size: none
	Pool: DataSourceConnectionProvider
	Minimum pool size: undefined/unknown
	Maximum pool size: undefined/unknown
2026-05-23 12:43:32.000 INFO  [][][] org.hibernate.orm.core - HHH000489: No JTA platform available (set 'hibernate.transaction.jta.platform' to enable JTA platform integration)
2026-05-23 12:43:32.859 INFO  [][][] o.s.orm.jpa.LocalContainerEntityManagerFactoryBean - Initialized JPA EntityManagerFactory for persistence unit 'default'
2026-05-23 12:43:33.432 INFO  [][][] o.s.d.jpa.repository.query.QueryEnhancerFactories - Hibernate is in classpath; If applicable, HQL parser will be used.
2026-05-23 12:43:36.251 INFO  [][][] o.s.s.c.a.a.c.InitializeAuthenticationProviderBeanManagerConfigurer$InitializeAuthenticationProviderManagerConfigurer - Global AuthenticationManager configured with AuthenticationProvider bean with name authenticationProvider
2026-05-23 12:43:36.252 WARN  [][][] o.s.s.c.a.a.c.InitializeUserDetailsBeanManagerConfigurer$InitializeUserDetailsManagerConfigurer - Global AuthenticationManager configured with an AuthenticationProvider bean. UserDetailsService beans will not be used by Spring Security for automatically configuring username/password login. Consider removing the AuthenticationProvider bean. Alternatively, consider using the UserDetailsService in a manually instantiated DaoAuthenticationProvider. If the current configuration is intentional, to turn off this warning, increase the logging level of 'org.springframework.security.config.annotation.authentication.configuration.InitializeUserDetailsBeanManagerConfigurer' to ERROR
2026-05-23 12:43:36.622 INFO  [][][] org.flywaydb.core.FlywayExecutor - Database: jdbc:mysql://localhost:3306/agroruta_db (MySQL 8.0)
2026-05-23 12:43:36.680 INFO  [][][] org.flywaydb.core.internal.command.DbValidate - Successfully validated 2 migrations (execution time 00:00.033s)
2026-05-23 12:43:36.711 INFO  [][][] org.flywaydb.core.internal.command.DbMigrate - Current version of schema `agroruta_db`: 2
2026-05-23 12:43:36.721 INFO  [][][] org.flywaydb.core.internal.command.DbMigrate - Schema `agroruta_db` is up to date. No migration necessary.
2026-05-23 12:43:36.940 WARN  [][][] o.s.b.j.a.JpaBaseConfiguration$JpaWebConfiguration - spring.jpa.open-in-view is enabled by default. Therefore, database queries may be performed during view rendering. Explicitly configure spring.jpa.open-in-view to disable this warning
2026-05-23 12:43:37.704 INFO  [][][] org.apache.coyote.http11.Http11NioProtocol - Starting ProtocolHandler ["http-nio-8080"]
2026-05-23 12:43:37.728 INFO  [][][] org.springframework.boot.tomcat.TomcatWebServer - Tomcat started on port 8080 (http) with context path '/'
2026-05-23 12:43:37.734 INFO  [][][] com.agroruta.AgrorutaApplication - Started AgrorutaApplication in 18.055 seconds (process running for 19.248)
2026-05-23 12:43:44.580 INFO  [][][] o.a.c.core.ContainerBase.[Tomcat].[localhost].[/] - Initializing Spring DispatcherServlet 'dispatcherServlet'
2026-05-23 12:43:44.580 INFO  [][][] org.springframework.web.servlet.DispatcherServlet - Initializing Servlet 'dispatcherServlet'
2026-05-23 12:43:44.584 INFO  [][][] org.springframework.web.servlet.DispatcherServlet - Completed initialization in 4 ms
2026-05-23 12:43:45.400 INFO  [CE122AB6][GET][/api/fincas/agricultor/1] com.agroruta.shared.logging.RequestLoggingFilter - → GET /api/fincas/agricultor/1
2026-05-23 12:43:45.402 INFO  [1E24C53D][GET][/api/v1/weather/city] com.agroruta.shared.logging.RequestLoggingFilter - → GET /api/v1/weather/city
2026-05-23 12:43:45.738 INFO  [CE122AB6][GET][/api/fincas/agricultor/1] com.agroruta.shared.logging.RequestLoggingFilter - ← GET /api/fincas/agricultor/1 | status=200 | 338ms
2026-05-23 12:43:46.326 INFO  [1E24C53D][GET][/api/v1/weather/city] com.agroruta.shared.logging.RequestLoggingFilter - ← GET /api/v1/weather/city | status=200 | 924ms
2026-05-23 12:43:47.628 INFO  [84EF721E][GET][/api/lotes/finca/11] com.agroruta.shared.logging.RequestLoggingFilter - → GET /api/lotes/finca/11
2026-05-23 12:43:47.628 INFO  [78347EF8][GET][/api/lotes/finca/10] com.agroruta.shared.logging.RequestLoggingFilter - → GET /api/lotes/finca/10
2026-05-23 12:43:47.746 INFO  [78347EF8][GET][/api/lotes/finca/10] com.agroruta.shared.logging.RequestLoggingFilter - ← GET /api/lotes/finca/10 | status=200 | 118ms
2026-05-23 12:43:47.746 INFO  [84EF721E][GET][/api/lotes/finca/11] com.agroruta.shared.logging.RequestLoggingFilter - ← GET /api/lotes/finca/11 | status=200 | 118ms
2026-05-23 12:44:02.669 INFO  [FCE65B6C][GET][/api/fincas/agricultor/1] com.agroruta.shared.logging.RequestLoggingFilter - → GET /api/fincas/agricultor/1
2026-05-23 12:44:02.677 INFO  [FCE65B6C][GET][/api/fincas/agricultor/1] com.agroruta.shared.logging.RequestLoggingFilter - ← GET /api/fincas/agricultor/1 | status=200 | 8ms
2026-05-23 12:44:14.309 INFO  [2E39786B][GET][/api/fincas/10] com.agroruta.shared.logging.RequestLoggingFilter - → GET /api/fincas/10
2026-05-23 12:44:14.339 INFO  [2E39786B][GET][/api/fincas/10] com.agroruta.shared.logging.RequestLoggingFilter - ← GET /api/fincas/10 | status=200 | 30ms
2026-05-23 12:44:14.357 INFO  [A76BB17F][GET][/api/lotes/finca/10] com.agroruta.shared.logging.RequestLoggingFilter - → GET /api/lotes/finca/10
2026-05-23 12:44:14.381 INFO  [A76BB17F][GET][/api/lotes/finca/10] com.agroruta.shared.logging.RequestLoggingFilter - ← GET /api/lotes/finca/10 | status=200 | 24ms
2026-05-23 12:44:49.854 INFO  [258E4BF9][GET][/api/fincas/agricultor/1] com.agroruta.shared.logging.RequestLoggingFilter - → GET /api/fincas/agricultor/1
2026-05-23 12:44:49.866 INFO  [258E4BF9][GET][/api/fincas/agricultor/1] com.agroruta.shared.logging.RequestLoggingFilter - ← GET /api/fincas/agricultor/1 | status=200 | 12ms
2026-05-23 12:44:54.550 INFO  [D102A80B][GET][/api/fincas/10] com.agroruta.shared.logging.RequestLoggingFilter - → GET /api/fincas/10
2026-05-23 12:44:54.577 INFO  [D102A80B][GET][/api/fincas/10] com.agroruta.shared.logging.RequestLoggingFilter - ← GET /api/fincas/10 | status=200 | 27ms
2026-05-23 12:44:54.604 INFO  [98445845][GET][/api/lotes/finca/10] com.agroruta.shared.logging.RequestLoggingFilter - → GET /api/lotes/finca/10
2026-05-23 12:44:54.639 INFO  [98445845][GET][/api/lotes/finca/10] com.agroruta.shared.logging.RequestLoggingFilter - ← GET /api/lotes/finca/10 | status=200 | 35ms
2026-05-23 12:45:14.200 INFO  [DD3243A8][GET][/api/fincas/agricultor/1] com.agroruta.shared.logging.RequestLoggingFilter - → GET /api/fincas/agricultor/1
2026-05-23 12:45:14.212 INFO  [DD3243A8][GET][/api/fincas/agricultor/1] com.agroruta.shared.logging.RequestLoggingFilter - ← GET /api/fincas/agricultor/1 | status=200 | 12ms
2026-05-23 12:45:18.082 INFO  [47F1C00C][GET][/api/fincas/11] com.agroruta.shared.logging.RequestLoggingFilter - → GET /api/fincas/11
2026-05-23 12:45:18.110 INFO  [47F1C00C][GET][/api/fincas/11] com.agroruta.shared.logging.RequestLoggingFilter - ← GET /api/fincas/11 | status=200 | 28ms
2026-05-23 12:45:18.137 INFO  [F87F2B8A][GET][/api/lotes/finca/11] com.agroruta.shared.logging.RequestLoggingFilter - → GET /api/lotes/finca/11
2026-05-23 12:45:18.181 INFO  [F87F2B8A][GET][/api/lotes/finca/11] com.agroruta.shared.logging.RequestLoggingFilter - ← GET /api/lotes/finca/11 | status=200 | 44ms
2026-05-23 12:45:24.558 INFO  [6C4AFDA6][GET][/api/fincas/agricultor/1] com.agroruta.shared.logging.RequestLoggingFilter - → GET /api/fincas/agricultor/1
2026-05-23 12:45:24.577 INFO  [6C4AFDA6][GET][/api/fincas/agricultor/1] com.agroruta.shared.logging.RequestLoggingFilter - ← GET /api/fincas/agricultor/1 | status=200 | 18ms
2026-05-23 12:45:26.247 INFO  [19C30D68][GET][/api/fincas/10] com.agroruta.shared.logging.RequestLoggingFilter - → GET /api/fincas/10
2026-05-23 12:45:26.271 INFO  [19C30D68][GET][/api/fincas/10] com.agroruta.shared.logging.RequestLoggingFilter - ← GET /api/fincas/10 | status=200 | 24ms
2026-05-23 12:45:26.295 INFO  [7B8443F4][GET][/api/lotes/finca/10] com.agroruta.shared.logging.RequestLoggingFilter - → GET /api/lotes/finca/10
2026-05-23 12:45:26.325 INFO  [7B8443F4][GET][/api/lotes/finca/10] com.agroruta.shared.logging.RequestLoggingFilter - ← GET /api/lotes/finca/10 | status=200 | 30ms
2026-05-23 12:45:27.903 INFO  [73B5E68E][GET][/api/lotes/4] com.agroruta.shared.logging.RequestLoggingFilter - → GET /api/lotes/4
2026-05-23 12:45:27.941 INFO  [73B5E68E][GET][/api/lotes/4] com.agroruta.shared.logging.RequestLoggingFilter - ← GET /api/lotes/4 | status=200 | 38ms
2026-05-23 12:45:27.960 INFO  [D361BDD5][GET][/api/siembras/lote/4] com.agroruta.shared.logging.RequestLoggingFilter - → GET /api/siembras/lote/4
2026-05-23 12:45:27.985 INFO  [D361BDD5][GET][/api/siembras/lote/4] com.agroruta.shared.logging.RequestLoggingFilter - ← GET /api/siembras/lote/4 | status=200 | 25ms
2026-05-23 12:45:34.544 INFO  [B0D430A7][GET][/api/siembras/1] com.agroruta.shared.logging.RequestLoggingFilter - → GET /api/siembras/1
2026-05-23 12:45:34.563 INFO  [B0D430A7][GET][/api/siembras/1] com.agroruta.shared.logging.RequestLoggingFilter - ← GET /api/siembras/1 | status=200 | 18ms
2026-05-23 12:45:34.604 INFO  [52F3122A][GET][/api/actividades/siembra/1] com.agroruta.shared.logging.RequestLoggingFilter - → GET /api/actividades/siembra/1
2026-05-23 12:45:34.606 INFO  [1921DF7B][GET][/api/cosechas/siembra/1/total-kg] com.agroruta.shared.logging.RequestLoggingFilter - → GET /api/cosechas/siembra/1/total-kg
2026-05-23 12:45:34.610 INFO  [5D166E07][GET][/api/cosechas/siembra/1] com.agroruta.shared.logging.RequestLoggingFilter - → GET /api/cosechas/siembra/1
2026-05-23 12:45:34.611 INFO  [D6890365][GET][/api/lotes/4] com.agroruta.shared.logging.RequestLoggingFilter - → GET /api/lotes/4
2026-05-23 12:45:34.614 INFO  [90E4BC2A][GET][/api/fumigaciones/siembra/1] com.agroruta.shared.logging.RequestLoggingFilter - → GET /api/fumigaciones/siembra/1
2026-05-23 12:45:34.662 INFO  [D6890365][GET][/api/lotes/4] com.agroruta.shared.logging.RequestLoggingFilter - ← GET /api/lotes/4 | status=200 | 51ms
2026-05-23 12:45:34.676 INFO  [52F3122A][GET][/api/actividades/siembra/1] com.agroruta.shared.logging.RequestLoggingFilter - ← GET /api/actividades/siembra/1 | status=200 | 74ms
2026-05-23 12:45:34.680 INFO  [90E4BC2A][GET][/api/fumigaciones/siembra/1] com.agroruta.shared.logging.RequestLoggingFilter - ← GET /api/fumigaciones/siembra/1 | status=200 | 66ms
2026-05-23 12:45:34.681 INFO  [5D166E07][GET][/api/cosechas/siembra/1] com.agroruta.shared.logging.RequestLoggingFilter - ← GET /api/cosechas/siembra/1 | status=200 | 71ms
2026-05-23 12:45:34.686 INFO  [1921DF7B][GET][/api/cosechas/siembra/1/total-kg] com.agroruta.shared.logging.RequestLoggingFilter - ← GET /api/cosechas/siembra/1/total-kg | status=200 | 80ms
2026-05-23 12:45:34.708 INFO  [F1795C1A][GET][/api/v1/weather/coordinates] com.agroruta.shared.logging.RequestLoggingFilter - → GET /api/v1/weather/coordinates
2026-05-23 12:45:35.290 INFO  [F1795C1A][GET][/api/v1/weather/coordinates] com.agroruta.shared.logging.RequestLoggingFilter - ← GET /api/v1/weather/coordinates | status=200 | 582ms
2026-05-23 12:45:45.177 INFO  [D2F68B5E][GET][/api/lotes/4] com.agroruta.shared.logging.RequestLoggingFilter - → GET /api/lotes/4
2026-05-23 12:45:45.195 INFO  [D2F68B5E][GET][/api/lotes/4] com.agroruta.shared.logging.RequestLoggingFilter - ← GET /api/lotes/4 | status=200 | 18ms
2026-05-23 12:45:45.213 INFO  [6BB1F614][GET][/api/siembras/lote/4] com.agroruta.shared.logging.RequestLoggingFilter - → GET /api/siembras/lote/4
2026-05-23 12:45:45.222 INFO  [6BB1F614][GET][/api/siembras/lote/4] com.agroruta.shared.logging.RequestLoggingFilter - ← GET /api/siembras/lote/4 | status=200 | 9ms
2026-05-23 12:45:45.899 INFO  [CB01A389][GET][/api/fincas/10] com.agroruta.shared.logging.RequestLoggingFilter - → GET /api/fincas/10
2026-05-23 12:45:45.921 INFO  [CB01A389][GET][/api/fincas/10] com.agroruta.shared.logging.RequestLoggingFilter - ← GET /api/fincas/10 | status=200 | 22ms
2026-05-23 12:45:45.944 INFO  [C7B057CA][GET][/api/lotes/finca/10] com.agroruta.shared.logging.RequestLoggingFilter - → GET /api/lotes/finca/10
2026-05-23 12:45:45.975 INFO  [C7B057CA][GET][/api/lotes/finca/10] com.agroruta.shared.logging.RequestLoggingFilter - ← GET /api/lotes/finca/10 | status=200 | 31ms
2026-05-23 12:45:49.544 INFO  [1829C3FF][GET][/api/fincas/agricultor/1] com.agroruta.shared.logging.RequestLoggingFilter - → GET /api/fincas/agricultor/1
2026-05-23 12:45:49.559 INFO  [1829C3FF][GET][/api/fincas/agricultor/1] com.agroruta.shared.logging.RequestLoggingFilter - ← GET /api/fincas/agricultor/1 | status=200 | 15ms
2026-05-23 12:45:51.075 INFO  [3D57F5EC][GET][/api/fincas/11] com.agroruta.shared.logging.RequestLoggingFilter - → GET /api/fincas/11
2026-05-23 12:45:51.107 INFO  [3D57F5EC][GET][/api/fincas/11] com.agroruta.shared.logging.RequestLoggingFilter - ← GET /api/fincas/11 | status=200 | 32ms
2026-05-23 12:45:51.131 INFO  [3B431EF7][GET][/api/lotes/finca/11] com.agroruta.shared.logging.RequestLoggingFilter - → GET /api/lotes/finca/11
2026-05-23 12:45:51.162 INFO  [3B431EF7][GET][/api/lotes/finca/11] com.agroruta.shared.logging.RequestLoggingFilter - ← GET /api/lotes/finca/11 | status=200 | 31ms
2026-05-23 12:45:52.358 INFO  [0548A25D][GET][/api/lotes/7] com.agroruta.shared.logging.RequestLoggingFilter - → GET /api/lotes/7
2026-05-23 12:45:52.384 INFO  [0548A25D][GET][/api/lotes/7] com.agroruta.shared.logging.RequestLoggingFilter - ← GET /api/lotes/7 | status=200 | 26ms
2026-05-23 12:45:52.414 INFO  [106C8B2C][GET][/api/siembras/lote/7] com.agroruta.shared.logging.RequestLoggingFilter - → GET /api/siembras/lote/7
2026-05-23 12:45:52.427 INFO  [106C8B2C][GET][/api/siembras/lote/7] com.agroruta.shared.logging.RequestLoggingFilter - ← GET /api/siembras/lote/7 | status=200 | 13ms
2026-05-23 12:45:54.158 INFO  [67F1CA7D][GET][/api/siembras/2] com.agroruta.shared.logging.RequestLoggingFilter - → GET /api/siembras/2
2026-05-23 12:45:54.186 INFO  [67F1CA7D][GET][/api/siembras/2] com.agroruta.shared.logging.RequestLoggingFilter - ← GET /api/siembras/2 | status=200 | 28ms
2026-05-23 12:45:54.217 INFO  [71B4B862][GET][/api/lotes/7] com.agroruta.shared.logging.RequestLoggingFilter - → GET /api/lotes/7
2026-05-23 12:45:54.222 INFO  [95A91106][GET][/api/cosechas/siembra/2/total-kg] com.agroruta.shared.logging.RequestLoggingFilter - → GET /api/cosechas/siembra/2/total-kg
2026-05-23 12:45:54.224 INFO  [FBC5CFFE][GET][/api/cosechas/siembra/2] com.agroruta.shared.logging.RequestLoggingFilter - → GET /api/cosechas/siembra/2
2026-05-23 12:45:54.227 INFO  [4E430FBC][GET][/api/actividades/siembra/2] com.agroruta.shared.logging.RequestLoggingFilter - → GET /api/actividades/siembra/2
2026-05-23 12:45:54.227 INFO  [4CC676B0][GET][/api/fumigaciones/siembra/2] com.agroruta.shared.logging.RequestLoggingFilter - → GET /api/fumigaciones/siembra/2
2026-05-23 12:45:54.252 INFO  [71B4B862][GET][/api/lotes/7] com.agroruta.shared.logging.RequestLoggingFilter - ← GET /api/lotes/7 | status=200 | 35ms
2026-05-23 12:45:54.259 INFO  [95A91106][GET][/api/cosechas/siembra/2/total-kg] com.agroruta.shared.logging.RequestLoggingFilter - ← GET /api/cosechas/siembra/2/total-kg | status=200 | 37ms
2026-05-23 12:45:54.258 INFO  [4E430FBC][GET][/api/actividades/siembra/2] com.agroruta.shared.logging.RequestLoggingFilter - ← GET /api/actividades/siembra/2 | status=200 | 35ms
2026-05-23 12:45:54.263 INFO  [FBC5CFFE][GET][/api/cosechas/siembra/2] com.agroruta.shared.logging.RequestLoggingFilter - ← GET /api/cosechas/siembra/2 | status=200 | 39ms
2026-05-23 12:45:54.267 INFO  [4CC676B0][GET][/api/fumigaciones/siembra/2] com.agroruta.shared.logging.RequestLoggingFilter - ← GET /api/fumigaciones/siembra/2 | status=200 | 40ms
2026-05-23 12:45:54.284 INFO  [2D171971][GET][/api/v1/weather/coordinates] com.agroruta.shared.logging.RequestLoggingFilter - → GET /api/v1/weather/coordinates
2026-05-23 12:45:54.636 INFO  [2D171971][GET][/api/v1/weather/coordinates] com.agroruta.shared.logging.RequestLoggingFilter - ← GET /api/v1/weather/coordinates | status=200 | 352ms
2026-05-23 12:45:58.595 INFO  [181AC722][GET][/api/lotes/7] com.agroruta.shared.logging.RequestLoggingFilter - → GET /api/lotes/7
2026-05-23 12:45:58.622 INFO  [181AC722][GET][/api/lotes/7] com.agroruta.shared.logging.RequestLoggingFilter - ← GET /api/lotes/7 | status=200 | 27ms
2026-05-23 12:45:58.639 INFO  [AE2B2ED8][GET][/api/siembras/lote/7] com.agroruta.shared.logging.RequestLoggingFilter - → GET /api/siembras/lote/7
2026-05-23 12:45:58.648 INFO  [AE2B2ED8][GET][/api/siembras/lote/7] com.agroruta.shared.logging.RequestLoggingFilter - ← GET /api/siembras/lote/7 | status=200 | 9ms
2026-05-23 12:45:59.594 INFO  [CE82467A][GET][/api/fincas/11] com.agroruta.shared.logging.RequestLoggingFilter - → GET /api/fincas/11
2026-05-23 12:45:59.613 INFO  [CE82467A][GET][/api/fincas/11] com.agroruta.shared.logging.RequestLoggingFilter - ← GET /api/fincas/11 | status=200 | 19ms
2026-05-23 12:45:59.634 INFO  [E770F043][GET][/api/lotes/finca/11] com.agroruta.shared.logging.RequestLoggingFilter - → GET /api/lotes/finca/11
2026-05-23 12:45:59.667 INFO  [E770F043][GET][/api/lotes/finca/11] com.agroruta.shared.logging.RequestLoggingFilter - ← GET /api/lotes/finca/11 | status=200 | 33ms
2026-05-23 12:46:00.996 INFO  [7249497B][GET][/api/fincas/agricultor/1] com.agroruta.shared.logging.RequestLoggingFilter - → GET /api/fincas/agricultor/1
2026-05-23 12:46:01.010 INFO  [7249497B][GET][/api/fincas/agricultor/1] com.agroruta.shared.logging.RequestLoggingFilter - ← GET /api/fincas/agricultor/1 | status=200 | 14ms
2026-05-23 12:46:02.596 INFO  [47667BBD][GET][/api/fincas/10] com.agroruta.shared.logging.RequestLoggingFilter - → GET /api/fincas/10
2026-05-23 12:46:02.627 INFO  [47667BBD][GET][/api/fincas/10] com.agroruta.shared.logging.RequestLoggingFilter - ← GET /api/fincas/10 | status=200 | 30ms
2026-05-23 12:46:02.650 INFO  [75330A77][GET][/api/lotes/finca/10] com.agroruta.shared.logging.RequestLoggingFilter - → GET /api/lotes/finca/10
2026-05-23 12:46:02.680 INFO  [75330A77][GET][/api/lotes/finca/10] com.agroruta.shared.logging.RequestLoggingFilter - ← GET /api/lotes/finca/10 | status=200 | 30ms
2026-05-23 12:46:04.064 INFO  [E79F2063][GET][/api/lotes/4] com.agroruta.shared.logging.RequestLoggingFilter - → GET /api/lotes/4
2026-05-23 12:46:04.088 INFO  [E79F2063][GET][/api/lotes/4] com.agroruta.shared.logging.RequestLoggingFilter - ← GET /api/lotes/4 | status=200 | 24ms
2026-05-23 12:46:04.109 INFO  [842E7C0A][GET][/api/siembras/lote/4] com.agroruta.shared.logging.RequestLoggingFilter - → GET /api/siembras/lote/4
2026-05-23 12:46:04.119 INFO  [842E7C0A][GET][/api/siembras/lote/4] com.agroruta.shared.logging.RequestLoggingFilter - ← GET /api/siembras/lote/4 | status=200 | 10ms
2026-05-23 12:46:05.925 INFO  [702F451B][GET][/api/siembras/1] com.agroruta.shared.logging.RequestLoggingFilter - → GET /api/siembras/1
2026-05-23 12:46:05.951 INFO  [702F451B][GET][/api/siembras/1] com.agroruta.shared.logging.RequestLoggingFilter - ← GET /api/siembras/1 | status=200 | 27ms
2026-05-23 12:46:05.985 INFO  [1D8D833C][GET][/api/cosechas/siembra/1/total-kg] com.agroruta.shared.logging.RequestLoggingFilter - → GET /api/cosechas/siembra/1/total-kg
2026-05-23 12:46:05.985 INFO  [AE414E22][GET][/api/lotes/4] com.agroruta.shared.logging.RequestLoggingFilter - → GET /api/lotes/4
2026-05-23 12:46:05.995 INFO  [625916C9][GET][/api/fumigaciones/siembra/1] com.agroruta.shared.logging.RequestLoggingFilter - → GET /api/fumigaciones/siembra/1
2026-05-23 12:46:05.995 INFO  [FD2CCA54][GET][/api/actividades/siembra/1] com.agroruta.shared.logging.RequestLoggingFilter - → GET /api/actividades/siembra/1
2026-05-23 12:46:06.000 INFO  [94BDB7B9][GET][/api/cosechas/siembra/1] com.agroruta.shared.logging.RequestLoggingFilter - → GET /api/cosechas/siembra/1
2026-05-23 12:46:06.019 INFO  [AE414E22][GET][/api/lotes/4] com.agroruta.shared.logging.RequestLoggingFilter - ← GET /api/lotes/4 | status=200 | 34ms
2026-05-23 12:46:06.020 INFO  [1D8D833C][GET][/api/cosechas/siembra/1/total-kg] com.agroruta.shared.logging.RequestLoggingFilter - ← GET /api/cosechas/siembra/1/total-kg | status=200 | 35ms
2026-05-23 12:46:06.029 INFO  [625916C9][GET][/api/fumigaciones/siembra/1] com.agroruta.shared.logging.RequestLoggingFilter - ← GET /api/fumigaciones/siembra/1 | status=200 | 34ms
2026-05-23 12:46:06.029 INFO  [FD2CCA54][GET][/api/actividades/siembra/1] com.agroruta.shared.logging.RequestLoggingFilter - ← GET /api/actividades/siembra/1 | status=200 | 34ms
2026-05-23 12:46:06.036 INFO  [94BDB7B9][GET][/api/cosechas/siembra/1] com.agroruta.shared.logging.RequestLoggingFilter - ← GET /api/cosechas/siembra/1 | status=200 | 35ms
2026-05-23 12:46:06.051 INFO  [05CB0E83][GET][/api/v1/weather/coordinates] com.agroruta.shared.logging.RequestLoggingFilter - → GET /api/v1/weather/coordinates
2026-05-23 12:46:06.410 INFO  [05CB0E83][GET][/api/v1/weather/coordinates] com.agroruta.shared.logging.RequestLoggingFilter - ← GET /api/v1/weather/coordinates | status=200 | 359ms
2026-05-23 12:48:16.164 INFO  [24242E48][GET][/api/siembras/1] com.agroruta.shared.logging.RequestLoggingFilter - → GET /api/siembras/1
2026-05-23 12:48:16.190 INFO  [24242E48][GET][/api/siembras/1] com.agroruta.shared.logging.RequestLoggingFilter - ← GET /api/siembras/1 | status=200 | 26ms
2026-05-23 12:48:16.232 INFO  [9FA2286C][GET][/api/actividades/siembra/1] com.agroruta.shared.logging.RequestLoggingFilter - → GET /api/actividades/siembra/1
2026-05-23 12:48:16.239 INFO  [F8CC479B][GET][/api/lotes/4] com.agroruta.shared.logging.RequestLoggingFilter - → GET /api/lotes/4
2026-05-23 12:48:16.239 INFO  [D8F14A62][GET][/api/fumigaciones/siembra/1] com.agroruta.shared.logging.RequestLoggingFilter - → GET /api/fumigaciones/siembra/1
2026-05-23 12:48:16.244 INFO  [1B35BA32][GET][/api/cosechas/siembra/1/total-kg] com.agroruta.shared.logging.RequestLoggingFilter - → GET /api/cosechas/siembra/1/total-kg
2026-05-23 12:48:16.242 INFO  [0795B4FB][GET][/api/cosechas/siembra/1] com.agroruta.shared.logging.RequestLoggingFilter - → GET /api/cosechas/siembra/1
2026-05-23 12:48:16.263 INFO  [F8CC479B][GET][/api/lotes/4] com.agroruta.shared.logging.RequestLoggingFilter - ← GET /api/lotes/4 | status=200 | 24ms
2026-05-23 12:48:16.266 INFO  [9FA2286C][GET][/api/actividades/siembra/1] com.agroruta.shared.logging.RequestLoggingFilter - ← GET /api/actividades/siembra/1 | status=200 | 34ms
2026-05-23 12:48:16.268 INFO  [1B35BA32][GET][/api/cosechas/siembra/1/total-kg] com.agroruta.shared.logging.RequestLoggingFilter - ← GET /api/cosechas/siembra/1/total-kg | status=200 | 24ms
2026-05-23 12:48:16.267 INFO  [0795B4FB][GET][/api/cosechas/siembra/1] com.agroruta.shared.logging.RequestLoggingFilter - ← GET /api/cosechas/siembra/1 | status=200 | 25ms
2026-05-23 12:48:16.272 INFO  [D8F14A62][GET][/api/fumigaciones/siembra/1] com.agroruta.shared.logging.RequestLoggingFilter - ← GET /api/fumigaciones/siembra/1 | status=200 | 33ms
2026-05-23 12:48:16.286 INFO  [859687F5][GET][/api/v1/weather/coordinates] com.agroruta.shared.logging.RequestLoggingFilter - → GET /api/v1/weather/coordinates
2026-05-23 12:48:16.764 INFO  [859687F5][GET][/api/v1/weather/coordinates] com.agroruta.shared.logging.RequestLoggingFilter - ← GET /api/v1/weather/coordinates | status=200 | 478ms
2026-05-23 12:48:19.360 INFO  [42AE9F0E][GET][/agricultural-inputs] com.agroruta.shared.logging.RequestLoggingFilter - → GET /agricultural-inputs
2026-05-23 12:48:19.447 INFO  [42AE9F0E][GET][/agricultural-inputs] com.agroruta.shared.logging.RequestLoggingFilter - ← GET /agricultural-inputs | status=200 | 87ms
2026-05-23 12:49:36.092 INFO  [ABBCE6E8][GET][/api/siembras/1] com.agroruta.shared.logging.RequestLoggingFilter - → GET /api/siembras/1
2026-05-23 12:49:36.111 INFO  [ABBCE6E8][GET][/api/siembras/1] com.agroruta.shared.logging.RequestLoggingFilter - ← GET /api/siembras/1 | status=200 | 19ms
2026-05-23 12:49:36.142 INFO  [B445CF3B][GET][/api/cosechas/siembra/1/total-kg] com.agroruta.shared.logging.RequestLoggingFilter - → GET /api/cosechas/siembra/1/total-kg
2026-05-23 12:49:36.142 INFO  [5CE8D352][GET][/api/fumigaciones/siembra/1] com.agroruta.shared.logging.RequestLoggingFilter - → GET /api/fumigaciones/siembra/1
2026-05-23 12:49:36.143 INFO  [D1245D64][GET][/api/lotes/4] com.agroruta.shared.logging.RequestLoggingFilter - → GET /api/lotes/4
2026-05-23 12:49:36.141 INFO  [E8D817BC][GET][/api/actividades/siembra/1] com.agroruta.shared.logging.RequestLoggingFilter - → GET /api/actividades/siembra/1
2026-05-23 12:49:36.150 INFO  [09AA7485][GET][/api/cosechas/siembra/1] com.agroruta.shared.logging.RequestLoggingFilter - → GET /api/cosechas/siembra/1
2026-05-23 12:49:36.171 INFO  [D1245D64][GET][/api/lotes/4] com.agroruta.shared.logging.RequestLoggingFilter - ← GET /api/lotes/4 | status=200 | 28ms
2026-05-23 12:49:36.176 INFO  [E8D817BC][GET][/api/actividades/siembra/1] com.agroruta.shared.logging.RequestLoggingFilter - ← GET /api/actividades/siembra/1 | status=200 | 35ms
2026-05-23 12:49:36.177 INFO  [B445CF3B][GET][/api/cosechas/siembra/1/total-kg] com.agroruta.shared.logging.RequestLoggingFilter - ← GET /api/cosechas/siembra/1/total-kg | status=200 | 35ms
2026-05-23 12:49:36.179 INFO  [5CE8D352][GET][/api/fumigaciones/siembra/1] com.agroruta.shared.logging.RequestLoggingFilter - ← GET /api/fumigaciones/siembra/1 | status=200 | 37ms
2026-05-23 12:49:36.181 INFO  [09AA7485][GET][/api/cosechas/siembra/1] com.agroruta.shared.logging.RequestLoggingFilter - ← GET /api/cosechas/siembra/1 | status=200 | 31ms
2026-05-23 12:49:36.196 INFO  [2102877B][GET][/api/v1/weather/coordinates] com.agroruta.shared.logging.RequestLoggingFilter - → GET /api/v1/weather/coordinates
2026-05-23 12:49:36.635 INFO  [2102877B][GET][/api/v1/weather/coordinates] com.agroruta.shared.logging.RequestLoggingFilter - ← GET /api/v1/weather/coordinates | status=200 | 439ms
2026-05-23 12:49:39.924 INFO  [6F8677A9][GET][/api/siembras/1] com.agroruta.shared.logging.RequestLoggingFilter - → GET /api/siembras/1
2026-05-23 12:49:39.963 INFO  [6F8677A9][GET][/api/siembras/1] com.agroruta.shared.logging.RequestLoggingFilter - ← GET /api/siembras/1 | status=200 | 39ms
2026-05-23 12:49:39.990 INFO  [719DE22E][GET][/api/cosechas/siembra/1] com.agroruta.shared.logging.RequestLoggingFilter - → GET /api/cosechas/siembra/1
2026-05-23 12:49:39.992 INFO  [EC9F4EA0][GET][/api/actividades/siembra/1] com.agroruta.shared.logging.RequestLoggingFilter - → GET /api/actividades/siembra/1
2026-05-23 12:49:39.995 INFO  [546E5430][GET][/api/cosechas/siembra/1/total-kg] com.agroruta.shared.logging.RequestLoggingFilter - → GET /api/cosechas/siembra/1/total-kg
2026-05-23 12:49:40.001 INFO  [F392F640][GET][/api/fumigaciones/siembra/1] com.agroruta.shared.logging.RequestLoggingFilter - → GET /api/fumigaciones/siembra/1
2026-05-23 12:49:40.003 INFO  [A9A82464][GET][/api/lotes/4] com.agroruta.shared.logging.RequestLoggingFilter - → GET /api/lotes/4
2026-05-23 12:49:40.030 INFO  [719DE22E][GET][/api/cosechas/siembra/1] com.agroruta.shared.logging.RequestLoggingFilter - ← GET /api/cosechas/siembra/1 | status=200 | 40ms
2026-05-23 12:49:40.032 INFO  [A9A82464][GET][/api/lotes/4] com.agroruta.shared.logging.RequestLoggingFilter - ← GET /api/lotes/4 | status=200 | 29ms
2026-05-23 12:49:40.033 INFO  [EC9F4EA0][GET][/api/actividades/siembra/1] com.agroruta.shared.logging.RequestLoggingFilter - ← GET /api/actividades/siembra/1 | status=200 | 41ms
2026-05-23 12:49:40.037 INFO  [546E5430][GET][/api/cosechas/siembra/1/total-kg] com.agroruta.shared.logging.RequestLoggingFilter - ← GET /api/cosechas/siembra/1/total-kg | status=200 | 41ms
2026-05-23 12:49:40.037 INFO  [F392F640][GET][/api/fumigaciones/siembra/1] com.agroruta.shared.logging.RequestLoggingFilter - ← GET /api/fumigaciones/siembra/1 | status=200 | 36ms
2026-05-23 12:49:40.048 INFO  [8714AE97][GET][/api/v1/weather/coordinates] com.agroruta.shared.logging.RequestLoggingFilter - → GET /api/v1/weather/coordinates
2026-05-23 12:49:40.222 INFO  [8714AE97][GET][/api/v1/weather/coordinates] com.agroruta.shared.logging.RequestLoggingFilter - ← GET /api/v1/weather/coordinates | status=200 | 172ms
2026-05-23 12:49:41.221 INFO  [E4E5BCFD][GET][/api/cargos] com.agroruta.shared.logging.RequestLoggingFilter - → GET /api/cargos
2026-05-23 12:49:41.222 INFO  [C4A43233][GET][/api/trabajadores/todos] com.agroruta.shared.logging.RequestLoggingFilter - → GET /api/trabajadores/todos
2026-05-23 12:49:41.224 INFO  [C10F7886][GET][/api/nominas] com.agroruta.shared.logging.RequestLoggingFilter - → GET /api/nominas
2026-05-23 12:49:41.220 INFO  [2A5A7B96][GET][/api/pagos] com.agroruta.shared.logging.RequestLoggingFilter - → GET /api/pagos
2026-05-23 12:49:41.260 INFO  [E4E5BCFD][GET][/api/cargos] com.agroruta.shared.logging.RequestLoggingFilter - ← GET /api/cargos | status=200 | 39ms
2026-05-23 12:49:41.318 INFO  [C4A43233][GET][/api/trabajadores/todos] com.agroruta.shared.logging.RequestLoggingFilter - ← GET /api/trabajadores/todos | status=200 | 96ms
2026-05-23 12:49:41.369 INFO  [2A5A7B96][GET][/api/pagos] com.agroruta.shared.logging.RequestLoggingFilter - ← GET /api/pagos | status=200 | 149ms
2026-05-23 12:49:41.431 INFO  [C10F7886][GET][/api/nominas] com.agroruta.shared.logging.RequestLoggingFilter - ← GET /api/nominas | status=200 | 207ms
2026-05-23 12:49:55.280 INFO  [44A9F7DC][GET][/api/nominas] com.agroruta.shared.logging.RequestLoggingFilter - → GET /api/nominas
2026-05-23 12:49:55.280 INFO  [53656ACA][GET][/api/trabajadores] com.agroruta.shared.logging.RequestLoggingFilter - → GET /api/trabajadores
2026-05-23 12:49:55.315 INFO  [53656ACA][GET][/api/trabajadores] com.agroruta.shared.logging.RequestLoggingFilter - ← GET /api/trabajadores | status=200 | 35ms
2026-05-23 12:49:55.359 INFO  [44A9F7DC][GET][/api/nominas] com.agroruta.shared.logging.RequestLoggingFilter - ← GET /api/nominas | status=200 | 79ms
2026-05-23 12:49:57.348 INFO  [8FE8C984][GET][/api/nominas/1] com.agroruta.shared.logging.RequestLoggingFilter - → GET /api/nominas/1
2026-05-23 12:49:57.395 INFO  [8FE8C984][GET][/api/nominas/1] com.agroruta.shared.logging.RequestLoggingFilter - ← GET /api/nominas/1 | status=200 | 47ms
2026-05-23 12:49:59.827 INFO  [91F2B29F][GET][/api/pagos] com.agroruta.shared.logging.RequestLoggingFilter - → GET /api/pagos
2026-05-23 12:49:59.902 INFO  [91F2B29F][GET][/api/pagos] com.agroruta.shared.logging.RequestLoggingFilter - ← GET /api/pagos | status=200 | 75ms
2026-05-23 12:50:01.358 INFO  [1C37E97B][GET][/api/nominas/1] com.agroruta.shared.logging.RequestLoggingFilter - → GET /api/nominas/1
2026-05-23 12:50:01.417 INFO  [1C37E97B][GET][/api/nominas/1] com.agroruta.shared.logging.RequestLoggingFilter - ← GET /api/nominas/1 | status=200 | 59ms
2026-05-23 12:50:04.932 INFO  [5F48C7F0][GET][/api/reports/payroll/preview] com.agroruta.shared.logging.RequestLoggingFilter - → GET /api/reports/payroll/preview
2026-05-23 12:50:04.985 INFO  [5F48C7F0][GET][/api/reports/payroll/preview] com.agroruta.shared.logging.RequestLoggingFilter - ← GET /api/reports/payroll/preview | status=200 | 53ms
2026-05-23 12:50:09.788 INFO  [C33417E7][GET][/api/reports/payroll] com.agroruta.shared.logging.RequestLoggingFilter - → GET /api/reports/payroll
2026-05-23 12:50:09.962 INFO  [C33417E7][GET][/api/reports/payroll] com.agroruta.shared.logging.RequestLoggingFilter - ← GET /api/reports/payroll | status=200 | 174ms
2026-05-23 12:50:43.693 INFO  [72621D6F][GET][/api/reports/crops/preview] com.agroruta.shared.logging.RequestLoggingFilter - → GET /api/reports/crops/preview
2026-05-23 12:50:43.792 INFO  [72621D6F][GET][/api/reports/crops/preview] com.agroruta.shared.logging.RequestLoggingFilter - ← GET /api/reports/crops/preview | status=200 | 99ms
2026-05-23 12:51:01.916 INFO  [04F2BA38][GET][/api/configuration/perfil] com.agroruta.shared.logging.RequestLoggingFilter - → GET /api/configuration/perfil
2026-05-23 12:51:01.944 INFO  [04F2BA38][GET][/api/configuration/perfil] com.agroruta.shared.logging.RequestLoggingFilter - ← GET /api/configuration/perfil | status=200 | 28ms
2026-05-23 12:51:28.252 INFO  [597A9D0C][POST][/api/auth/login] com.agroruta.shared.logging.RequestLoggingFilter - → POST /api/auth/login
2026-05-23 12:51:28.570 ERROR [597A9D0C][POST][/api/auth/login] com.agroruta.user.application.AuthService - ✗ login() lanzó BadCredentialsException: Bad credentials
2026-05-23 12:51:28.575 ERROR [597A9D0C][POST][/api/auth/login] c.agroruta.shared.exception.GlobalExceptionHandler - [597A9D0C] Error inesperado en POST /api/auth/login: Bad credentials
org.springframework.security.authentication.BadCredentialsException: Bad credentials
	at org.springframework.security.authentication.dao.DaoAuthenticationProvider.additionalAuthenticationChecks(DaoAuthenticationProvider.java:90)
	at org.springframework.security.authentication.dao.AbstractUserDetailsAuthenticationProvider.authenticate(AbstractUserDetailsAuthenticationProvider.java:158)
	at org.springframework.security.authentication.ProviderManager.authenticate(ProviderManager.java:183)
	at com.agroruta.user.application.AuthService.login(AuthService.java:61)
	at java.base/jdk.internal.reflect.DirectMethodHandleAccessor.invoke(DirectMethodHandleAccessor.java:104)
	at java.base/java.lang.reflect.Method.invoke(Method.java:565)
	at org.springframework.aop.support.AopUtils.invokeJoinpointUsingReflection(AopUtils.java:359)
	at org.springframework.aop.framework.ReflectiveMethodInvocation.invokeJoinpoint(ReflectiveMethodInvocation.java:190)
	at org.springframework.aop.framework.ReflectiveMethodInvocation.proceed(ReflectiveMethodInvocation.java:158)
	at org.springframework.aop.aspectj.MethodInvocationProceedingJoinPoint.proceed(MethodInvocationProceedingJoinPoint.java:82)
	at com.agroruta.shared.logging.LoggingAspect.logMethodExecution(LoggingAspect.java:38)
	at java.base/jdk.internal.reflect.DirectMethodHandleAccessor.invoke(DirectMethodHandleAccessor.java:104)
	at java.base/java.lang.reflect.Method.invoke(Method.java:565)
	at org.springframework.aop.aspectj.AbstractAspectJAdvice.invokeAdviceMethodWithGivenArgs(AbstractAspectJAdvice.java:648)
	at org.springframework.aop.aspectj.AbstractAspectJAdvice.invokeAdviceMethod(AbstractAspectJAdvice.java:630)
	at org.springframework.aop.aspectj.AspectJAroundAdvice.invoke(AspectJAroundAdvice.java:70)
	at org.springframework.aop.framework.ReflectiveMethodInvocation.proceed(ReflectiveMethodInvocation.java:179)
	at org.springframework.aop.interceptor.ExposeInvocationInterceptor.invoke(ExposeInvocationInterceptor.java:96)
	at org.springframework.aop.framework.ReflectiveMethodInvocation.proceed(ReflectiveMethodInvocation.java:179)
	at org.springframework.aop.framework.CglibAopProxy$DynamicAdvisedInterceptor.intercept(CglibAopProxy.java:719)
	at com.agroruta.user.application.AuthService$$SpringCGLIB$$0.login(<generated>)
	at com.agroruta.user.infrastructure.web.AuthController.login(AuthController.java:27)
	at java.base/jdk.internal.reflect.DirectMethodHandleAccessor.invoke(DirectMethodHandleAccessor.java:104)
	at java.base/java.lang.reflect.Method.invoke(Method.java:565)
	at org.springframework.web.method.support.InvocableHandlerMethod.doInvoke(InvocableHandlerMethod.java:252)
	at org.springframework.web.method.support.InvocableHandlerMethod.invokeForRequest(InvocableHandlerMethod.java:184)
	at org.springframework.web.servlet.mvc.method.annotation.ServletInvocableHandlerMethod.invokeAndHandle(ServletInvocableHandlerMethod.java:117)
	at org.springframework.web.servlet.mvc.method.annotation.RequestMappingHandlerAdapter.invokeHandlerMethod(RequestMappingHandlerAdapter.java:934)
	at org.springframework.web.servlet.mvc.method.annotation.RequestMappingHandlerAdapter.handleInternal(RequestMappingHandlerAdapter.java:853)
	at org.springframework.web.servlet.mvc.method.AbstractHandlerMethodAdapter.handle(AbstractHandlerMethodAdapter.java:86)
	at org.springframework.web.servlet.DispatcherServlet.doDispatch(DispatcherServlet.java:963)
	at org.springframework.web.servlet.DispatcherServlet.doService(DispatcherServlet.java:866)
	at org.springframework.web.servlet.FrameworkServlet.processRequest(FrameworkServlet.java:1000)
	at org.springframework.web.servlet.FrameworkServlet.doPost(FrameworkServlet.java:903)
	at jakarta.servlet.http.HttpServlet.service(HttpServlet.java:649)
	at org.springframework.web.servlet.FrameworkServlet.service(FrameworkServlet.java:874)
	at jakarta.servlet.http.HttpServlet.service(HttpServlet.java:710)
	at org.apache.catalina.core.ApplicationFilterChain.doFilter(ApplicationFilterChain.java:128)
	at org.apache.tomcat.websocket.server.WsFilter.doFilter(WsFilter.java:53)
	at org.apache.catalina.core.ApplicationFilterChain.doFilter(ApplicationFilterChain.java:107)
	at org.springframework.web.filter.CorsFilter.doFilterInternal(CorsFilter.java:91)
	at org.springframework.web.filter.OncePerRequestFilter.doFilter(OncePerRequestFilter.java:116)
	at org.apache.catalina.core.ApplicationFilterChain.doFilter(ApplicationFilterChain.java:107)
	at org.springframework.web.filter.OncePerRequestFilter.doFilter(OncePerRequestFilter.java:110)
	at org.apache.catalina.core.ApplicationFilterChain.doFilter(ApplicationFilterChain.java:107)
	at com.agroruta.shared.logging.RequestLoggingFilter.doFilter(RequestLoggingFilter.java:48)
	at org.apache.catalina.core.ApplicationFilterChain.doFilter(ApplicationFilterChain.java:107)
	at org.springframework.web.filter.CompositeFilter$VirtualFilterChain.doFilter(CompositeFilter.java:108)
	at org.springframework.security.web.FilterChainProxy.lambda$doFilterInternal$3(FilterChainProxy.java:235)
	at org.springframework.security.web.FilterChainProxy$VirtualFilterChain.doFilter(FilterChainProxy.java:371)
	at org.springframework.security.web.access.intercept.AuthorizationFilter.doFilter(AuthorizationFilter.java:101)
	at org.springframework.security.web.FilterChainProxy$VirtualFilterChain.doFilter(FilterChainProxy.java:380)
	at org.springframework.security.web.access.ExceptionTranslationFilter.doFilter(ExceptionTranslationFilter.java:126)
	at org.springframework.security.web.access.ExceptionTranslationFilter.doFilter(ExceptionTranslationFilter.java:120)
	at org.springframework.security.web.FilterChainProxy$VirtualFilterChain.doFilter(FilterChainProxy.java:380)
	at org.springframework.security.web.session.SessionManagementFilter.doFilter(SessionManagementFilter.java:132)
	at org.springframework.security.web.session.SessionManagementFilter.doFilter(SessionManagementFilter.java:86)
	at org.springframework.security.web.FilterChainProxy$VirtualFilterChain.doFilter(FilterChainProxy.java:380)
	at org.springframework.security.web.authentication.AnonymousAuthenticationFilter.doFilter(AnonymousAuthenticationFilter.java:100)
	at org.springframework.security.web.FilterChainProxy$VirtualFilterChain.doFilter(FilterChainProxy.java:380)
	at org.springframework.security.web.servletapi.SecurityContextHolderAwareRequestFilter.doFilter(SecurityContextHolderAwareRequestFilter.java:181)
	at org.springframework.security.web.FilterChainProxy$VirtualFilterChain.doFilter(FilterChainProxy.java:380)
	at org.springframework.security.web.savedrequest.RequestCacheAwareFilter.doFilter(RequestCacheAwareFilter.java:63)
	at org.springframework.security.web.FilterChainProxy$VirtualFilterChain.doFilter(FilterChainProxy.java:380)
	at com.agroruta.shared.security.JwtAuthenticationFilter.doFilterInternal(JwtAuthenticationFilter.java:45)
	at org.springframework.web.filter.OncePerRequestFilter.doFilter(OncePerRequestFilter.java:116)
	at org.springframework.security.web.FilterChainProxy$VirtualFilterChain.doFilter(FilterChainProxy.java:380)
	at org.springframework.security.web.authentication.logout.LogoutFilter.doFilter(LogoutFilter.java:110)
	at org.springframework.security.web.authentication.logout.LogoutFilter.doFilter(LogoutFilter.java:96)
	at org.springframework.security.web.FilterChainProxy$VirtualFilterChain.doFilter(FilterChainProxy.java:380)
	at org.springframework.web.filter.CorsFilter.doFilterInternal(CorsFilter.java:91)
	at org.springframework.web.filter.OncePerRequestFilter.doFilter(OncePerRequestFilter.java:116)
	at org.springframework.security.web.FilterChainProxy$VirtualFilterChain.doFilter(FilterChainProxy.java:380)
	at org.springframework.security.web.header.HeaderWriterFilter.doHeadersAfter(HeaderWriterFilter.java:90)
	at org.springframework.security.web.header.HeaderWriterFilter.doFilterInternal(HeaderWriterFilter.java:75)
	at org.springframework.web.filter.OncePerRequestFilter.doFilter(OncePerRequestFilter.java:116)
	at org.springframework.security.web.FilterChainProxy$VirtualFilterChain.doFilter(FilterChainProxy.java:380)
	at org.springframework.security.web.context.SecurityContextHolderFilter.doFilter(SecurityContextHolderFilter.java:82)
	at org.springframework.security.web.context.SecurityContextHolderFilter.doFilter(SecurityContextHolderFilter.java:69)
	at org.springframework.security.web.FilterChainProxy$VirtualFilterChain.doFilter(FilterChainProxy.java:380)
	at org.springframework.security.web.context.request.async.WebAsyncManagerIntegrationFilter.doFilterInternal(WebAsyncManagerIntegrationFilter.java:62)
	at org.springframework.web.filter.OncePerRequestFilter.doFilter(OncePerRequestFilter.java:116)
	at org.springframework.security.web.FilterChainProxy$VirtualFilterChain.doFilter(FilterChainProxy.java:380)
	at org.springframework.security.web.session.DisableEncodeUrlFilter.doFilterInternal(DisableEncodeUrlFilter.java:42)
	at org.springframework.web.filter.OncePerRequestFilter.doFilter(OncePerRequestFilter.java:116)
	at org.springframework.security.web.FilterChainProxy$VirtualFilterChain.doFilter(FilterChainProxy.java:380)
	at org.springframework.security.web.FilterChainProxy.doFilterInternal(FilterChainProxy.java:237)
	at org.springframework.security.web.FilterChainProxy.doFilter(FilterChainProxy.java:195)
	at org.springframework.web.filter.CompositeFilter$VirtualFilterChain.doFilter(CompositeFilter.java:113)
	at org.springframework.web.filter.ServletRequestPathFilter.doFilter(ServletRequestPathFilter.java:52)
	at org.springframework.web.filter.CompositeFilter$VirtualFilterChain.doFilter(CompositeFilter.java:113)
	at org.springframework.web.filter.CompositeFilter.doFilter(CompositeFilter.java:74)
	at org.springframework.security.config.annotation.web.configuration.WebSecurityConfiguration$CompositeFilterChainProxy.doFilter(WebSecurityConfiguration.java:317)
	at org.springframework.web.filter.DelegatingFilterProxy.invokeDelegate(DelegatingFilterProxy.java:355)
	at org.springframework.web.filter.DelegatingFilterProxy.doFilter(DelegatingFilterProxy.java:272)
	at org.apache.catalina.core.ApplicationFilterChain.doFilter(ApplicationFilterChain.java:107)
	at org.springframework.web.filter.RequestContextFilter.doFilterInternal(RequestContextFilter.java:100)
	at org.springframework.web.filter.OncePerRequestFilter.doFilter(OncePerRequestFilter.java:116)
	at org.apache.catalina.core.ApplicationFilterChain.doFilter(ApplicationFilterChain.java:107)
	at org.springframework.web.filter.FormContentFilter.doFilterInternal(FormContentFilter.java:93)
	at org.springframework.web.filter.OncePerRequestFilter.doFilter(OncePerRequestFilter.java:116)
	at org.apache.catalina.core.ApplicationFilterChain.doFilter(ApplicationFilterChain.java:107)
	at org.springframework.web.filter.CharacterEncodingFilter.doFilterInternal(CharacterEncodingFilter.java:199)
	at org.springframework.web.filter.OncePerRequestFilter.doFilter(OncePerRequestFilter.java:116)
	at org.apache.catalina.core.ApplicationFilterChain.doFilter(ApplicationFilterChain.java:107)
	at org.apache.catalina.core.StandardWrapperValve.invoke(StandardWrapperValve.java:165)
	at org.apache.catalina.core.StandardContextValve.invoke(StandardContextValve.java:77)
	at org.apache.catalina.authenticator.AuthenticatorBase.invoke(AuthenticatorBase.java:492)
	at org.apache.catalina.core.StandardHostValve.invoke(StandardHostValve.java:113)
	at org.apache.catalina.valves.ErrorReportValve.invoke(ErrorReportValve.java:83)
	at org.apache.catalina.core.StandardEngineValve.invoke(StandardEngineValve.java:72)
	at org.apache.catalina.connector.CoyoteAdapter.service(CoyoteAdapter.java:341)
	at org.apache.coyote.http11.Http11Processor.service(Http11Processor.java:397)
	at org.apache.coyote.AbstractProcessorLight.process(AbstractProcessorLight.java:63)
	at org.apache.coyote.AbstractProtocol$ConnectionHandler.process(AbstractProtocol.java:903)
	at org.apache.tomcat.util.net.NioEndpoint$SocketProcessor.doRun(NioEndpoint.java:1779)
	at org.apache.tomcat.util.net.SocketProcessorBase.run(SocketProcessorBase.java:52)
	at org.apache.tomcat.util.threads.ThreadPoolExecutor.runWorker(ThreadPoolExecutor.java:946)
	at org.apache.tomcat.util.threads.ThreadPoolExecutor$Worker.run(ThreadPoolExecutor.java:480)
	at org.apache.tomcat.util.threads.TaskThread$WrappingRunnable.run(TaskThread.java:57)
	at java.base/java.lang.Thread.run(Thread.java:1447)
2026-05-23 12:51:28.598 WARN  [597A9D0C][POST][/api/auth/login] o.s.w.s.m.m.a.ExceptionHandlerExceptionResolver - Resolved [org.springframework.security.authentication.BadCredentialsException: Bad credentials]
2026-05-23 12:51:28.599 INFO  [597A9D0C][POST][/api/auth/login] com.agroruta.shared.logging.RequestLoggingFilter - ← POST /api/auth/login | status=500 | 347ms
2026-05-23 12:51:32.291 INFO  [CD0EFF49][POST][/api/auth/login] com.agroruta.shared.logging.RequestLoggingFilter - → POST /api/auth/login
2026-05-23 12:51:32.526 INFO  [CD0EFF49][POST][/api/auth/login] com.agroruta.shared.logging.RequestLoggingFilter - ← POST /api/auth/login | status=200 | 235ms
2026-05-23 12:51:32.588 INFO  [9BF70F4D][GET][/api/v1/weather/city] com.agroruta.shared.logging.RequestLoggingFilter - → GET /api/v1/weather/city
2026-05-23 12:51:32.589 INFO  [6BBE3179][GET][/api/fincas/agricultor/1] com.agroruta.shared.logging.RequestLoggingFilter - → GET /api/fincas/agricultor/1
2026-05-23 12:51:32.600 INFO  [6BBE3179][GET][/api/fincas/agricultor/1] com.agroruta.shared.logging.RequestLoggingFilter - ← GET /api/fincas/agricultor/1 | status=200 | 11ms
2026-05-23 12:51:32.629 INFO  [012B764D][GET][/api/lotes/finca/11] com.agroruta.shared.logging.RequestLoggingFilter - → GET /api/lotes/finca/11
2026-05-23 12:51:32.629 INFO  [DC4AF1A6][GET][/api/lotes/finca/10] com.agroruta.shared.logging.RequestLoggingFilter - → GET /api/lotes/finca/10
2026-05-23 12:51:32.654 INFO  [012B764D][GET][/api/lotes/finca/11] com.agroruta.shared.logging.RequestLoggingFilter - ← GET /api/lotes/finca/11 | status=200 | 25ms
2026-05-23 12:51:32.654 INFO  [DC4AF1A6][GET][/api/lotes/finca/10] com.agroruta.shared.logging.RequestLoggingFilter - ← GET /api/lotes/finca/10 | status=200 | 25ms
2026-05-23 12:51:32.903 INFO  [9BF70F4D][GET][/api/v1/weather/city] com.agroruta.shared.logging.RequestLoggingFilter - ← GET /api/v1/weather/city | status=200 | 315ms
2026-05-23 12:51:39.194 INFO  [ADAD7D7C][GET][/api/fincas/agricultor/1] com.agroruta.shared.logging.RequestLoggingFilter - → GET /api/fincas/agricultor/1
2026-05-23 12:51:39.215 INFO  [ADAD7D7C][GET][/api/fincas/agricultor/1] com.agroruta.shared.logging.RequestLoggingFilter - ← GET /api/fincas/agricultor/1 | status=200 | 21ms
2026-05-23 12:51:40.685 INFO  [7C7594AF][GET][/api/fincas/10] com.agroruta.shared.logging.RequestLoggingFilter - → GET /api/fincas/10
2026-05-23 12:51:40.713 INFO  [7C7594AF][GET][/api/fincas/10] com.agroruta.shared.logging.RequestLoggingFilter - ← GET /api/fincas/10 | status=200 | 28ms
2026-05-23 12:51:40.732 INFO  [25160682][GET][/api/lotes/finca/10] com.agroruta.shared.logging.RequestLoggingFilter - → GET /api/lotes/finca/10
2026-05-23 12:51:40.762 INFO  [25160682][GET][/api/lotes/finca/10] com.agroruta.shared.logging.RequestLoggingFilter - ← GET /api/lotes/finca/10 | status=200 | 30ms
2026-05-23 12:51:43.455 INFO  [1DCDEDC9][GET][/api/fincas/agricultor/1] com.agroruta.shared.logging.RequestLoggingFilter - → GET /api/fincas/agricultor/1
2026-05-23 12:51:43.469 INFO  [1DCDEDC9][GET][/api/fincas/agricultor/1] com.agroruta.shared.logging.RequestLoggingFilter - ← GET /api/fincas/agricultor/1 | status=200 | 14ms
2026-05-23 12:51:45.547 INFO  [A490928E][GET][/api/fincas/11] com.agroruta.shared.logging.RequestLoggingFilter - → GET /api/fincas/11
2026-05-23 12:51:45.588 INFO  [A490928E][GET][/api/fincas/11] com.agroruta.shared.logging.RequestLoggingFilter - ← GET /api/fincas/11 | status=200 | 41ms
2026-05-23 12:51:45.613 INFO  [D395871B][GET][/api/lotes/finca/11] com.agroruta.shared.logging.RequestLoggingFilter - → GET /api/lotes/finca/11
2026-05-23 12:51:45.666 INFO  [D395871B][GET][/api/lotes/finca/11] com.agroruta.shared.logging.RequestLoggingFilter - ← GET /api/lotes/finca/11 | status=200 | 53ms
2026-05-23 12:51:46.850 INFO  [08F0A454][GET][/api/lotes/7] com.agroruta.shared.logging.RequestLoggingFilter - → GET /api/lotes/7
2026-05-23 12:51:46.906 INFO  [08F0A454][GET][/api/lotes/7] com.agroruta.shared.logging.RequestLoggingFilter - ← GET /api/lotes/7 | status=200 | 56ms
2026-05-23 12:51:46.926 INFO  [7DCE9D34][GET][/api/siembras/lote/7] com.agroruta.shared.logging.RequestLoggingFilter - → GET /api/siembras/lote/7
2026-05-23 12:51:46.941 INFO  [7DCE9D34][GET][/api/siembras/lote/7] com.agroruta.shared.logging.RequestLoggingFilter - ← GET /api/siembras/lote/7 | status=200 | 15ms
2026-05-23 12:51:49.748 INFO  [001B7717][GET][/api/siembras/2] com.agroruta.shared.logging.RequestLoggingFilter - → GET /api/siembras/2
2026-05-23 12:51:49.780 INFO  [001B7717][GET][/api/siembras/2] com.agroruta.shared.logging.RequestLoggingFilter - ← GET /api/siembras/2 | status=200 | 32ms
2026-05-23 12:51:49.817 INFO  [FED37D6D][GET][/api/actividades/siembra/2] com.agroruta.shared.logging.RequestLoggingFilter - → GET /api/actividades/siembra/2
2026-05-23 12:51:49.823 INFO  [FC39FAE8][GET][/api/cosechas/siembra/2] com.agroruta.shared.logging.RequestLoggingFilter - → GET /api/cosechas/siembra/2
2026-05-23 12:51:49.819 INFO  [56A633EE][GET][/api/fumigaciones/siembra/2] com.agroruta.shared.logging.RequestLoggingFilter - → GET /api/fumigaciones/siembra/2
2026-05-23 12:51:49.819 INFO  [064D24E8][GET][/api/lotes/7] com.agroruta.shared.logging.RequestLoggingFilter - → GET /api/lotes/7
2026-05-23 12:51:49.822 INFO  [96D869F9][GET][/api/cosechas/siembra/2/total-kg] com.agroruta.shared.logging.RequestLoggingFilter - → GET /api/cosechas/siembra/2/total-kg
2026-05-23 12:51:49.905 INFO  [064D24E8][GET][/api/lotes/7] com.agroruta.shared.logging.RequestLoggingFilter - ← GET /api/lotes/7 | status=200 | 86ms
2026-05-23 12:51:49.913 INFO  [56A633EE][GET][/api/fumigaciones/siembra/2] com.agroruta.shared.logging.RequestLoggingFilter - ← GET /api/fumigaciones/siembra/2 | status=200 | 94ms
2026-05-23 12:51:49.917 INFO  [FC39FAE8][GET][/api/cosechas/siembra/2] com.agroruta.shared.logging.RequestLoggingFilter - ← GET /api/cosechas/siembra/2 | status=200 | 94ms
2026-05-23 12:51:49.913 INFO  [96D869F9][GET][/api/cosechas/siembra/2/total-kg] com.agroruta.shared.logging.RequestLoggingFilter - ← GET /api/cosechas/siembra/2/total-kg | status=200 | 91ms
2026-05-23 12:51:49.915 INFO  [FED37D6D][GET][/api/actividades/siembra/2] com.agroruta.shared.logging.RequestLoggingFilter - ← GET /api/actividades/siembra/2 | status=200 | 98ms
2026-05-23 12:51:49.936 INFO  [998A44C2][GET][/api/v1/weather/coordinates] com.agroruta.shared.logging.RequestLoggingFilter - → GET /api/v1/weather/coordinates
2026-05-23 12:51:50.196 INFO  [998A44C2][GET][/api/v1/weather/coordinates] com.agroruta.shared.logging.RequestLoggingFilter - ← GET /api/v1/weather/coordinates | status=200 | 261ms
2026-05-23 12:52:09.781 INFO  [7F9A6EEF][GET][/api/reports/payroll/preview] com.agroruta.shared.logging.RequestLoggingFilter - → GET /api/reports/payroll/preview
2026-05-23 12:52:09.804 INFO  [7F9A6EEF][GET][/api/reports/payroll/preview] com.agroruta.shared.logging.RequestLoggingFilter - ← GET /api/reports/payroll/preview | status=200 | 23ms
2026-05-23 12:52:10.777 INFO  [1BCA0FF4][GET][/api/configuration/perfil] com.agroruta.shared.logging.RequestLoggingFilter - → GET /api/configuration/perfil
2026-05-23 12:52:10.787 INFO  [1BCA0FF4][GET][/api/configuration/perfil] com.agroruta.shared.logging.RequestLoggingFilter - ← GET /api/configuration/perfil | status=200 | 11ms
2026-05-23 12:52:13.510 INFO  [DEA64945][GET][/api/reports/payroll/preview] com.agroruta.shared.logging.RequestLoggingFilter - → GET /api/reports/payroll/preview
2026-05-23 12:52:13.530 INFO  [DEA64945][GET][/api/reports/payroll/preview] com.agroruta.shared.logging.RequestLoggingFilter - ← GET /api/reports/payroll/preview | status=200 | 20ms
2026-05-23 12:52:14.697 INFO  [5A769A2C][GET][/api/trabajadores/todos] com.agroruta.shared.logging.RequestLoggingFilter - → GET /api/trabajadores/todos
2026-05-23 12:52:14.699 INFO  [0C3D29D2][GET][/api/cargos] com.agroruta.shared.logging.RequestLoggingFilter - → GET /api/cargos
2026-05-23 12:52:14.702 INFO  [93113F2A][GET][/api/pagos] com.agroruta.shared.logging.RequestLoggingFilter - → GET /api/pagos
2026-05-23 12:52:14.702 INFO  [639981A9][GET][/api/nominas] com.agroruta.shared.logging.RequestLoggingFilter - → GET /api/nominas
2026-05-23 12:52:14.708 INFO  [0C3D29D2][GET][/api/cargos] com.agroruta.shared.logging.RequestLoggingFilter - ← GET /api/cargos | status=200 | 9ms
2026-05-23 12:52:14.729 INFO  [5A769A2C][GET][/api/trabajadores/todos] com.agroruta.shared.logging.RequestLoggingFilter - ← GET /api/trabajadores/todos | status=200 | 32ms
2026-05-23 12:52:14.754 INFO  [639981A9][GET][/api/nominas] com.agroruta.shared.logging.RequestLoggingFilter - ← GET /api/nominas | status=200 | 52ms
2026-05-23 12:52:14.758 INFO  [93113F2A][GET][/api/pagos] com.agroruta.shared.logging.RequestLoggingFilter - ← GET /api/pagos | status=200 | 57ms
2026-05-23 12:52:15.442 INFO  [B558FF02][GET][/api/v1/weather/city] com.agroruta.shared.logging.RequestLoggingFilter - → GET /api/v1/weather/city
2026-05-23 12:52:15.442 INFO  [C44C28FF][GET][/api/fincas/agricultor/1] com.agroruta.shared.logging.RequestLoggingFilter - → GET /api/fincas/agricultor/1
2026-05-23 12:52:15.457 INFO  [C44C28FF][GET][/api/fincas/agricultor/1] com.agroruta.shared.logging.RequestLoggingFilter - ← GET /api/fincas/agricultor/1 | status=200 | 15ms
2026-05-23 12:52:15.488 INFO  [09F584FD][GET][/api/lotes/finca/11] com.agroruta.shared.logging.RequestLoggingFilter - → GET /api/lotes/finca/11
2026-05-23 12:52:15.490 INFO  [C601A4F1][GET][/api/lotes/finca/10] com.agroruta.shared.logging.RequestLoggingFilter - → GET /api/lotes/finca/10
2026-05-23 12:52:15.512 INFO  [09F584FD][GET][/api/lotes/finca/11] com.agroruta.shared.logging.RequestLoggingFilter - ← GET /api/lotes/finca/11 | status=200 | 24ms
2026-05-23 12:52:15.514 INFO  [C601A4F1][GET][/api/lotes/finca/10] com.agroruta.shared.logging.RequestLoggingFilter - ← GET /api/lotes/finca/10 | status=200 | 24ms
2026-05-23 12:52:15.766 INFO  [B558FF02][GET][/api/v1/weather/city] com.agroruta.shared.logging.RequestLoggingFilter - ← GET /api/v1/weather/city | status=200 | 323ms
2026-05-23 12:52:17.314 INFO  [0C5A51FC][GET][/api/fincas/agricultor/1] com.agroruta.shared.logging.RequestLoggingFilter - → GET /api/fincas/agricultor/1
2026-05-23 12:52:17.336 INFO  [0C5A51FC][GET][/api/fincas/agricultor/1] com.agroruta.shared.logging.RequestLoggingFilter - ← GET /api/fincas/agricultor/1 | status=200 | 22ms
2026-05-23 12:52:37.433 INFO  [][][] org.springframework.boot.tomcat.GracefulShutdown - Commencing graceful shutdown. Waiting for active requests to complete
2026-05-23 12:52:37.447 INFO  [][][] org.springframework.boot.tomcat.GracefulShutdown - Graceful shutdown complete
2026-05-23 12:52:37.461 INFO  [][][] o.s.orm.jpa.LocalContainerEntityManagerFactoryBean - Closing JPA EntityManagerFactory for persistence unit 'default'
2026-05-23 12:52:37.467 INFO  [][][] com.zaxxer.hikari.HikariDataSource - HikariPool-1 - Shutdown initiated...
2026-05-23 12:52:37.483 INFO  [][][] com.zaxxer.hikari.HikariDataSource - HikariPool-1 - Shutdown completed.
